Categoria,Sub categoria 1,Sub categoria 2,OEM,FRAM,Tecfil,Wega,Mann,Mahle,Wix
Motor,Filtro,Filtro de Combustible,,C10026A,,FCD0771,PU723X,KX208D,WF8366
Motor,Filtro,Filtro de Combustible,,C10039,,,PU8013Z,KX78D,
Motor,Filtro,Filtro de Combustible,,C10194,,FCD0110,PU7002X,KX229,
Motor,Filtro,Filtro de Combustible,,C10308,,,PU825X,KX220D,
Motor,Filtro,Filtro de Combustible,23390-0L010,C10353,PC949,JFC207/2,PU835X,KX268D,WF8429
Motor,Filtro,Filtro de Combustible,,C10448,,,PU936/1X,KX228,WF8355
Motor,Filtro,Filtro de Combustible,,C10586,,,PU9003Z,KX393D,
Motor,Filtro,Filtro de Combustible,,C10635,,,,KX340D,
Motor,Filtro,Filtro de Combustible,,C10705,,FCD0771/2,PU723X,KX208D,WF8366
Motor,Filtro,Filtro de Combustible,,C10750,,FCD0771/2,PU723X,KX208D,WF8366
Motor,Filtro,Filtro de Combustible,,C10777,,,PU830X,KX85D,WF8256
Motor,Filtro,Filtro de Combustible,,C10778,,FCD0764,PU927X,KX331D,
Motor,Filtro,Filtro de Combustible,,C11045,,FCD0780,PU1033X,KX192D,
Motor,Filtro,Filtro de Combustible,,C11193,,,PU8008/1,KX342,
Motor,Filtro,Filtro de Combustible,,C11507,PC951,FCD0785,PU9008Z,KX385D,WF10279
Motor,Filtro,Filtro de Combustible,,C11574,,FCD0795,PU9011Z,KX338/26D,WF8489
Motor,Filtro,Filtro de Combustible,,C1166PL,,,,,
Motor,Filtro,Filtro de Combustible,,C11680,,FCD0793,PU7005,KX398,WF8494
Motor,Filtro,Filtro de Combustible,,C1173PL,,,,,
Motor,Filtro,Filtro de Combustible,,C1174PL,,,,,
Motor,Filtro,Filtro de Combustible,,C11748,,FCD0778,PU7004Z,KX399D,WF8495
Motor,Filtro,Filtro de Combustible,,C1175PL,,,P825/1,,
Motor,Filtro,Filtro de Combustible,,C11816PL,,,,,
Motor,Filtro,Filtro de Combustible,,C11846PL,,,,,
Motor,Filtro,Filtro de Combustible,,C11860PL,PC944,FCD0710,P707/6,KX35D,WF10261
Motor,Filtro,Filtro de Combustible,,C11860ZP,,,,,
Motor,Filtro,Filtro de Combustible,,C11861PL,,FCD0720,P811,KX36,33112E
Motor,Filtro,Filtro de Combustible,,C11861ZP,,,,,
Motor,Filtro,Filtro de Combustible,,C11864ZP,,,,,
Motor,Filtro,Filtro de Combustible,,C11909PL,,,,,
Motor,Filtro,Filtro de Combustible,,C1191,PC2155,FCD296,P917X,KX23,WF33166/3X
Motor,Filtro,Filtro de Combustible,,C1191AF,,,P917X,,WF33166/3X
Motor,Filtro,Filtro de Combustible,,C1192A,,,P917/1,,
Motor,Filtro,Filtro de Combustible,,C11950PLA,,,,,
Motor,Filtro,Filtro de Combustible,,C12360,,FCD0787,PU7012Z,,
Motor,Filtro,Filtro de Combustible,,C12749,,WOEEC001,H6003Z,HX132D,
Motor,Filtro,Filtro de Combustible,,C1660A,,,H1497/1,,51197
Motor,Filtro,Filtro de Combustible,,C1669,,,,,
Motor,Filtro,Filtro de Combustible,,C1723,,,,,
Motor,Filtro,Filtro de Combustible,,C175E,,,,,
Motor,Filtro,Filtro de Combustible,,C31PL,,,,,
Motor,Filtro,Filtro de Combustible,,C4635,,,,,
Motor,Filtro,Filtro de Combustible,,C4661,PC2255,FCD0796,P945/2,KX240,WF10278
Motor,Filtro,Filtro de Combustible,,C4880A,,,P939/1,,
Motor,Filtro,Filtro de Combustible,,C4881A,,,P939,,WF10590
Motor,Filtro,Filtro de Combustible,,C4986A,,FCD2204,WK880,KC90,
Motor,Filtro,Filtro de Combustible,,C11781,,FCD0727,PU7010Z,KX4200,
Motor,Filtro,Filtro de Combustible,,C5563,,FCD0722,P716,KX63/1,WF8021
Motor,Filtro,Filtro de Combustible,,C5783,,,P738X,,
Motor,Filtro,Filtro de Combustible,,C5932,PEC3021,FCD0769,PU999/1X,KX80/1D,WF36170
Motor,Filtro,Filtro de Combustible,,C5940,,FCD0726,P716/1X,KX79D,WF8014
Motor,Filtro,Filtro de Combustible,,C7523,,,,,
Motor,Filtro,Filtro de Combustible,,C7578,,,,,
Motor,Filtro,Filtro de Combustible,,C844PLA,,,PF815,,
Motor,Filtro,Filtro de Combustible,,C8820,,FCD0816/1,P733/1X,KX206D,
Motor,Filtro,Filtro de Combustible,,C8826,PEC3022,FCD0768,PU1046,KX67/2D,
Motor,Filtro,Filtro de Combustible,,C8826,PEC3022,FCD0768,PU1046,KX67/2D,
Motor,Filtro,Filtro de Combustible,,C8827,,FCD0766,PU1021X,KX84D,WF8177
Motor,Filtro,Filtro de Combustible,,C8837,,FCD0754,PU822X,KX81D,WF8254
Motor,Filtro,Filtro de Combustible,,C8981,,FCD0729,PU839X,KX70D,
Motor,Filtro,Filtro de Combustible,,C8990,,FCD0742,PU742,KX69,
Motor,Filtro,Filtro de Combustible,,C9517,PEC3022,FCD0791,PU941X,KX182/1D,WF10234
Motor,Filtro,Filtro de Combustible,,C9712,,FCD770,PU830X,KX85D,WF8256
Motor,Filtro,Filtro de Combustible,,C9766,,FCD0600,PU936/2X,KX178D,WF8308
Motor,Filtro,Filtro de Combustible,,C9771,,,,,
Motor,Filtro,Filtro de Combustible,,C9815,,FCD0772,PU1018X,KX201D,WF8321
Motor,Filtro,Filtro de Combustible,,C9927,PC947,,P718/1X,KX218D,WF10277
Motor,Filtro,Filtro de Combustible,,C9990,,FCD08161,P733/1X,KX206D,
Motor,Filtro,Filtro de Combustible,,C11723,PEC3029,FCD0777,,KX444D,
Motor,Filtro,Filtro de Combustible,,C1721,,,H1263/1,LX690,
Motor,Filtro,Filtro de Combustible,,C11812,,FCD0786,PU12003/1Z,KX387D,WF10208
Motor,Filtro,Filtro de Combustible,,CG8953,,,PU922X,,WF8195
Motor,Filtro,Filtro de Combustible,,CS11971,,FCD0797,PU9009Z,KX338/22D,WF8493
Motor,Filtro,Filtro de Combustible,,CS10145,,FCD0651,PU9006X,,
Motor,Filtro,Filtro de Combustible,,CS10965,,,,,
Motor,Filtro,Filtro de Combustible,,CS12054,PC953,JFC207/3,PU9023Z,,WF10562A
Motor,Filtro,Filtro de Combustible,,CS12054A,PC953,JFC207/3,PU9023Z,,WF10562A
Motor,Filtro,Filtro de Combustible,,CS12162,,FCD0603,PU8014,KX492,
Motor,Filtro,Filtro de Combustible,,CS3504,PD202,FCD0977,P1278/1,KX88/1D,
Motor,Filtro,Filtro de Combustible,,CS3558,PD204,FCD0978,P1234,KX89/1D,WF10289
Motor,Filtro,Filtro de Aire,,CA10013,,,,,
Motor,Filtro,Filtro de Aire,,CA10023,ARL8109,FAP9013,C25118/1,LX1765,WA10523
Motor,Filtro,Filtro de Aire,,CA10029,,WR200/9,C23610,,WA49783
Motor,Filtro,Filtro de Aire,,CA10030,ARS3902,WAP714,C25710/3,,
Motor,Filtro,Filtro de Aire,,CA10031,ARS5470,,C30810/3,LX3599,
Motor,Filtro,Filtro de Aire,,CA10050,,FAP9017,C2287,LX1652,
Motor,Filtro,Filtro de Aire,,CA10051,,FAP9118,C40163,LX1004,
Motor,Filtro,Filtro de Aire,,CA10057,,FAP6012,C35154,LX1482,WA49020
Motor,Filtro,Filtro de Aire,,CA10083,,JFA0H42,,,
Motor,Filtro,Filtro de Aire,,CA10084,ARL2333,JFA0H16,,LX2648,
Motor,Filtro,Filtro de Aire,,CA10085,ARL6099,FAP6012/2,C43102,LX2093,WA48090
Motor,Filtro,Filtro de Aire,,CA10086,ARL7710,JFA0H12,C2631,LX1785,
Motor,Filtro,Filtro de Aire,,CA10088,,JFA0K15,,,
Motor,Filtro,Filtro de Aire,,CA10111,ARS7993,WR198,C16244,LX2124,WA48240
Motor,Filtro,Filtro de Aire,,CA10112,ARS7065,JFA0292/2,C23107,LX2808/1,WA9644
Motor,Filtro,Filtro de Aire,,CA10112,ARS7065,JFA0292/2,C23107,LX2808/1,WA9644
Motor,Filtro,Filtro de Aire,,CA10114,,FAP6015,C17237,LX2059,WA9523
Motor,Filtro,Filtro de Aire,,CA10115,,JFA0W08,C29008,LX3507/1,WA9682
Motor,Filtro,Filtro de Aire,,CA10116,,FAP5306,C3877/1,LX1920,
Motor,Filtro,Filtro de Aire,,CA10117,,JFA0H05,C2421,LX1840,
Motor,Filtro,Filtro de Aire,,CA10118,,JFA0979,C33007,LX4423,
Motor,Filtro,Filtro de Aire,,CA10130,ARL4155,FAP9014,C22113,,
Motor,Filtro,Filtro de Aire,,CA10131,ARL4151,FAP9014,C3092,LX2643,WA10454
Motor,Filtro,Filtro de Aire,,CA10165,ARL1034,JFA0429,C2240,LX2123,49065
Motor,Filtro,Filtro de Aire,,CA10169,ART2212,JFA0257,C26003,LX2681,49172
Motor,Filtro,Filtro de Aire,,CA10171,,JFA0205,C30009,,WRA3017
Motor,Filtro,Filtro de Aire,,CA10190,ARL2203,JFA0285,C24005,LX3703,WA11070A
Motor,Filtro,Filtro de Aire,,CA10192,ARL5311,FAP3283,C2683,LX1661,49067
Motor,Filtro,Filtro de Aire,,CA10211,,,,LX1968,
Motor,Filtro,Filtro de Aire,,CA10216,,WR371,C17137/1X,LX1006/1,
Motor,Filtro,Filtro de Aire,,CA10217,,WR371,C17137/1X,LX1006/1,
Motor,Filtro,Filtro de Aire,,CA10221,ARS8234,WR2008,C18450/1,LX2532,WA10530
Motor,Filtro,Filtro de Aire,,CA10227,ARL5055,FAP6000,C36005,LX3354,WA48820
Motor,Filtro,Filtro de Aire,,CA10228,,JFA0991,,,
Motor,Filtro,Filtro de Aire,,CA10233,,JFA0428/2,C1724,LX1949,
Motor,Filtro,Filtro de Aire,,CA10234,ARL1654,JFA0134,C2420,LX1631,WA48095
Motor,Filtro,Filtro de Aire,,CA10236,,FAP9032,C39219,LX792,
Motor,Filtro,Filtro de Aire,,CA10237,ARL5049,FAP4054/2,C4371/1,LX1745,WA9503
Motor,Filtro,Filtro de Aire,,CA10239,,WR364,C18114,LX1035,
Motor,Filtro,Filtro de Aire,,CA10253,,FAP9035,C24137/1,LX1605,WA9417
Motor,Filtro,Filtro de Aire,,CA10256,,FAP9025,C41110,LX1262,WA9508
Motor,Filtro,Filtro de Aire,,CA10261,ARL5303,FAP9057,,,
Motor,Filtro,Filtro de Aire,,CA10273,,JFA0594,C16148,LX673,WA6579
Motor,Filtro,Filtro de Aire,,CA10276,,FAP6004,C21004,,
Motor,Filtro,Filtro de Aire,,CA10278,,,C21003,,
Motor,Filtro,Filtro de Aire,,CA10290,,FAP4861,C27161,LX1586,WA9558
Motor,Filtro,Filtro de Aire,,CA10293,ARL9617,FAP4056,,,
Motor,Filtro,Filtro de Aire,,CA10320,ARS8235,WAP111,C321420/2,LX2082/1,93321E
Motor,Filtro,Filtro de Aire,,CA10327,,FAP4054/2,,LX2022,
Motor,Filtro,Filtro de Aire,,CA10328,,FAP9039,C36188,LX1500,
Motor,Filtro,Filtro de Aire,,CA10330,ARL3751,FAP9112,C4312/1,LX1845,WA49876
Motor,Filtro,Filtro de Aire,,CA10332,,JFA0892,C2448,LX1575,
Motor,Filtro,Filtro de Aire,,CA10344,,JFA0431,C27002,,49058
Motor,Filtro,Filtro de Aire,,CA10348,ART1791,,,,
Motor,Filtro,Filtro de Aire,,CA10354,,FAP9029,C24132/2,LX742/2,
Motor,Filtro,Filtro de Aire,,CA10355,ARL4141,JFA0500,C24011,LX2834,WA11471A
Motor,Filtro,Filtro de Aire,,CA10356,,FAP9271,C30161,LX1885,
Motor,Filtro,Filtro de Aire,,CA10414,,WR315,C17237,LX2059,WA9523
Motor,Filtro,Filtro de Aire,,CA10418,,FAP9012,C5082,LX1969,WA9596
Motor,Filtro,Filtro de Aire,,CA10456,,,C25116,,
Motor,Filtro,Filtro de Aire,,CA10470,,JFA0K21,C2029,LX2752,49070
Motor,Filtro,Filtro de Aire,,CA10477,ARS9841,WAP179,C281012,LX3480,WA10441
Motor,Filtro,Filtro de Aire,,CA10477,ARS9841,WAP179,C281012,LX3480,WA10441
Motor,Filtro,Filtro de Aire,,CA10485,,WR218,C16114/2X,LX2092D,
Motor,Filtro,Filtro de Aire,,CA10497,,,,LX2616,
Motor,Filtro,Filtro de Aire,,CA10500,,,,LX1593/2,
Motor,Filtro,Filtro de Aire,,CA10509,,FAP4050,C3880,LX2010,WA9545
Motor,Filtro,Filtro de Aire,,CA10516,ARL4156,JFA0987,C24032,LX4366,WA49016
Motor,Filtro,Filtro de Aire,,CA10518,,FAP2835,C3495,LX2738,WA9618
Motor,Filtro,Filtro de Aire,,CA10520,,JFA0W08,C29008,LX2965,WA9682
Motor,Filtro,Filtro de Aire,,CA10521,ARS5196,WR192,C16134/2,LX1780/3,WA9567
Motor,Filtro,Filtro de Aire,,CA10521,ARS5196,WR192,C16134/2,LX1780/3,WA9567
Motor,Filtro,Filtro de Aire,,CA10522,,FAP9053,C32130,LX2046,WA9580
Motor,Filtro,Filtro de Aire,,CA10524,,,,LX1253,
Motor,Filtro,Filtro de Aire,,CA10539,,JFA0H14,C2735,LX2832,WA11465A
Motor,Filtro,Filtro de Aire,,CA10650,ARL1035,JFA0428/3,C18004,LX2693,WA9904
Motor,Filtro,Filtro de Aire,,CA10651,,FAP9283,C25115,LX1748,WA9655
Motor,Filtro,Filtro de Aire,,CA10653,,FAP9286,C17021/3,LX2633,WA11234
Motor,Filtro,Filtro de Aire,,CA10662-2,,,,,
Motor,Filtro,Filtro de Aire,,CA10675,,FAP4815,C36145,LX2036,
Motor,Filtro,Filtro de Aire,,CA10676,,FAP2415,C36004,LX1564,
Motor,Filtro,Filtro de Aire,,CA10677,,JFA0287,,LX2992,
Motor,Filtro,Filtro de Aire,,CA10683,,JFA0K11,,LX2865,
Motor,Filtro,Filtro de Aire,,CA10693,,FAP9018/1,,LX2038,
Motor,Filtro,Filtro de Aire,,CA10696,,FAP4046,C31003/1,LX3138,WA48110
Motor,Filtro,Filtro de Aire,,CA10697,ARL6070,FAP4046/1,C31003/1,LX3234,WA48110
Motor,Filtro,Filtro de Aire,,CA10699,,JFA0K22,C26014,LX2739,
Motor,Filtro,Filtro de Aire,,CA10700,,FAP9280,C30135,LX1640,WA9601
Motor,Filtro,Filtro de Aire,,CA10739,,FAP3279,C22034,,
Motor,Filtro,Filtro de Aire,,CA10748SY,,,,,
Motor,Filtro,Filtro de Aire,,CA10749,,,C18360/2,LX3190,
Motor,Filtro,Filtro de Aire,,CA10749SY,,,,,
Motor,Filtro,Filtro de Aire,,CA10755,,JFA0993,,LX2872,
Motor,Filtro,Filtro de Aire,,CA10760,,FAP9284,C2830,,
Motor,Filtro,Filtro de Aire,,CA10767,,JFA0W03,C2214,LX2690,
Motor,Filtro,Filtro de Aire,,CA10822,,WR212,C15008,LX2831,
Motor,Filtro,Filtro de Aire,,CA10878,,JFA0W07,C3210,LX2813,WA9668
Motor,Filtro,Filtro de Aire,,CA10879,ARL8828,,C26106,LX2882,WA9654
Motor,Filtro,Filtro de Aire,,CA10880,,,C27107,LX2881,WA9653
Motor,Filtro,Filtro de Aire,,CA10888,,FAP8998,,,
Motor,Filtro,Filtro de Aire,,CA10889,,,C26013,LX2869,WA9710
Motor,Filtro,Filtro de Aire,,CA10894,ARS5376,WAP131,C27109,LX3560,
Motor,Filtro,Filtro de Aire,,CA10894SY,ASR376,,CF15004,LXS362,
Motor,Filtro,Filtro de Aire,,CA10910,ARL9682,JFA0584,C25654,LX4431,
Motor,Filtro,Filtro de Aire,,CA10947,,FAP4062,C2567,LX1617,
Motor,Filtro,Filtro de Aire,,CA10994,,FAP9285,C27125,LX2787,
Motor,Filtro,Filtro de Aire,,CA10997,ART9613,FAP9296,C17021/3,LX2633,WA11234
Motor,Filtro,Filtro de Aire,,CA11048,ARS9992,,,,
Motor,Filtro,Filtro de Aire,,CA11070,,WR369,,LX2049/4,
Motor,Filtro,Filtro de Aire,,CA11071,,JFA0W13,C36013,LX3152,
Motor,Filtro,Filtro de Aire,,CA11072,,FAP4892,C3585,LX2995,WA9663
Motor,Filtro,Filtro de Aire,,CA11073,ARL5140,FAP3271/4,C30011,LX1883,WA9670
Motor,Filtro,Filtro de Aire,,CA11077,ARS2870,WR295,C16010/1,LX3679,
Motor,Filtro,Filtro de Aire,,CA11096,,FAP6013,C36003,LX2033,WA9689
Motor,Filtro,Filtro de Aire,,CA11104,ARL4152,FAP9054,C29003/1,LX3115,WA10506
Motor,Filtro,Filtro de Aire,,CA11109,ARL4146,FAP5308,C38004,,WA49048
Motor,Filtro,Filtro de Aire,,CA11112,ARL4154,FAP9121,C37001/1,LX3355,WA10455
Motor,Filtro,Filtro de Aire,,CA11113,ARL1037,JFA0438,C24021,LX4241,WA9781
Motor,Filtro,Filtro de Aire,,CA11123,,WAP384,C27902,LX2082/1,WA10068
Motor,Filtro,Filtro de Aire,,CA11124,,,C372680/3,,42847
Motor,Filtro,Filtro de Aire,,CA11124SY,,,CF23550/2,,42848
Motor,Filtro,Filtro de Aire,,CA11144,,WAP272,C261100,LX2109,WA10445
Motor,Filtro,Filtro de Aire,,CA11188,,FAP5309,C36006/1,LX3465,
Motor,Filtro,Filtro de Aire,,CA11198,,WR109,C15007,LX3286,
Motor,Filtro,Filtro de Aire,,CA11201,,JFA0H22,C27014,LX2963,WA9750
Motor,Filtro,Filtro de Aire,,CA11206,,JFA0H27,,LX3300,
Motor,Filtro,Filtro de Aire,,CA11210,,FAP9289,C68001,LX2067,
Motor,Filtro,Filtro de Aire,,CA11222,ARL8829,FAP3269,C24028/1,LX1997,WA48555
Motor,Filtro,Filtro de Aire,,CA11250,,,C29005,,
Motor,Filtro,Filtro de Aire,,CA11258,ARL1048,JFA0439,,,
Motor,Filtro,Filtro de Aire,,CA11263,,JFA0892,,LX3028,
Motor,Filtro,Filtro de Aire,,CA11305,,FAP9066,C24025,LX2077/3,WA10005
Motor,Filtro,Filtro de Aire,,CA11345,,WAP714,C25710/3,,
Motor,Filtro,Filtro de Aire,,CA11411,,FAP9292,C27004,LX3477,WA9764
Motor,Filtro,Filtro de Aire,,CA11416,,FAP1003,C1428,LX3107,
Motor,Filtro,Filtro de Aire,,CA11417,,FAP1001,C1315,LX3106,
Motor,Filtro,Filtro de Aire,,CA11426,,FAP4042,C17008,LX3536,WA9787
Motor,Filtro,Filtro de Aire,,CA11458,ARL6071,FAP3288,C29015,LX3306,WA9744
Motor,Filtro,Filtro de Aire,,CA11493,ARL2204,FAP4043,C34007,LX4163,WA10476
Motor,Filtro,Filtro de Aire,,CA11499,ARL6077,FAP9065,C30005,LX3503,WA9759
Motor,Filtro,Filtro de Aire,,CA11500,ARL419,JFA0H32,,,
Motor,Filtro,Filtro de Aire,,CA11501,ARL8877,FAP3270,C24012,LX3579,WA10255
Motor,Filtro,Filtro de Aire,,CA11503,ARL6074,FAP3285,C27009,LX3525,WA9766
Motor,Filtro,Filtro de Aire,,CA11504,,FAP4812/2,C32108,LX3284,
Motor,Filtro,Filtro de Aire,,CA11652,,,C33006,LX2061/1,WA9754
Motor,Filtro,Filtro de Aire,,CA11654,ARL5144,FAP9299,C27030,LX3542,WA9830
Motor,Filtro,Filtro de Aire,,CA11674,ARS7994,WR191,C22024,LX3458,WA9763
Motor,Filtro,Filtro de Aire,,CA11674,ARS7994,WR191,C22024,LX3458,WA9763
Motor,Filtro,Filtro de Aire,,CA11759,,,C28004,LX3811,
Motor,Filtro,Filtro de Aire,,CA11863,AR1018,JFA0K14,C16007,LX2689,
Motor,Filtro,Filtro de Aire,,CA11864,ART9615,,C18103,,
Motor,Filtro,Filtro de Aire,,CA11874,,FAP7002,C40002,LX3603,WA9767
Motor,Filtro,Filtro de Aire,,CA11897,,FAP4894,C29110,LX3754,
Motor,Filtro,Filtro de Aire,,CA11949,ARL1047,JFA0444,,,
Motor,Filtro,Filtro de Aire,,CA11952,,FAP4041,,LX4248,
Motor,Filtro,Filtro de Aire,,CA11974,ARS1184/1,WAP112,C31014,LX3534,WA10856
Motor,Filtro,Filtro de Aire,,CA11974SY,,WAP112/S,CF17007,,93911E
Motor,Filtro,Filtro de Aire,,CA12003,ARL1655,JFA0135,C23021,LX3487,WA11065A
Motor,Filtro,Filtro de Aire,,CA12004,,,C26007,,
Motor,Filtro,Filtro de Aire,,CA12006,,,,,
Motor,Filtro,Filtro de Aire,,CA12017,ARL6076,FAP3599,C22035,LX4246,WA9811
Motor,Filtro,Filtro de Aire,,CA12021,,FAP4070,C36007,LX3955,WA9799
Motor,Filtro,Filtro de Aire,,CA12025,,FAP2848,C25008/1,LX4065,
Motor,Filtro,Filtro de Aire,,CA12034,,FAP4058,C24017,LX1631,
Motor,Filtro,Filtro de Aire,,CA12050,ARL1042,JFA0426,,,
Motor,Filtro,Filtro de Aire,,CA12051,ARL1043,JFA0405,,,
Motor,Filtro,Filtro de Aire,,CA12052,ARL1040,JFA0440,,,
Motor,Filtro,Filtro de Aire,,CA12055,ARL2206,JFA0282,C33017,LX4757,WA10550
Motor,Filtro,Filtro de Aire,,CA12066,ARL4157,JFA0998,,LX4365,WA9804
Motor,Filtro,Filtro de Aire,,CA12097,ARL5135,FAP5218,,LX5342,
Motor,Filtro,Filtro de Aire,,CA12104,ARL6080,FAP2219,,LX2876/1,
Motor,Filtro,Filtro de Aire,,CA12112,ASR8843,WR150,C16012,LX3015/14,
Motor,Filtro,Filtro de Aire,,CA12172,,,,,
Motor,Filtro,Filtro de Aire,,CA12173,,,,,
Motor,Filtro,Filtro de Aire,,CA12174,,JFA0F08,,,
Motor,Filtro,Filtro de Aire,,CA12180,,FAP8001/1,C21001,,WA9875
Motor,Filtro,Filtro de Aire,,CA12242,,FAP2837,,LX4333,
Motor,Filtro,Filtro de Aire,,CA12243,,JFA0579,C26032,,
Motor,Filtro,Filtro de Aire,,CA12289,ARL2220,FAP4059,C27063,LX4529,WA9879
Motor,Filtro,Filtro de Aire,,CA12315,ARL1659,JFA0137,,,
Motor,Filtro,Filtro de Aire,,CA12342,ARL4161,FAP2829,C30904,LX4547,WA11150
Motor,Filtro,Filtro de Aire,,CA12344,ARL4160,FAP2802,C30100,LX5208,WA11149
Motor,Filtro,Filtro de Aire,,CA12363,,,,LX4759,
Motor,Filtro,Filtro de Aire,,CA12376,,,,,
Motor,Filtro,Filtro de Aire,,CA12430,ART9618,FAP7019,C22031/1,LX5525,WA11228
Motor,Filtro,Filtro de Aire,,CA12561,,FAP4895,C37012,,
Motor,Filtro,Filtro de Aire,,CA12583,,FAP4811,,,
Motor,Filtro,Filtro de Aire,,CA12609,ART8860,FAP3233,C23023,,
Motor,Filtro,Filtro de Aire,,CA1532SYES,,,,,
Motor,Filtro,Filtro de Aire,,CA1533,,,,,
Motor,Filtro,Filtro de Aire,,CA1533SY,,,,,
Motor,Filtro,Filtro de Aire,,CA1544SY,,,,,
Motor,Filtro,Filtro de Aire,,CA1548,,,,,
Motor,Filtro,Filtro de Aire,,CA1548SY,,,,,
Motor,Filtro,Filtro de Aire,,CA1553,,,,,
Motor,Filtro,Filtro de Aire,,CA1553SY,,,,,
Motor,Filtro,Filtro de Aire,,CA1566EE,,WR100,C1241,,WA10457
Motor,Filtro,Filtro de Aire,,CA1569,,,,,
Motor,Filtro,Filtro de Aire,,CA1596ASY,,,,,
Motor,Filtro,Filtro de Aire,,CA1596,,,,,
Motor,Filtro,Filtro de Aire,,CA160,,WR760,,,
Motor,Filtro,Filtro de Aire,,CA192,,WR298,,,
Motor,Filtro,Filtro de Aire,,CA216,,,,,
Motor,Filtro,Filtro de Aire,,CA224,,,C24444,,
Motor,Filtro,Filtro de Aire,,CA226,,,C29624,,
Motor,Filtro,Filtro de Aire,,CA226SY,,,C16140,,
Motor,Filtro,Filtro de Aire,,CA233,,,,,
Motor,Filtro,Filtro de Aire,,CA236,,,C16140,,
Motor,Filtro,Filtro de Aire,,CA237,,,C1371,,
Motor,Filtro,Filtro de Aire,,CA2517,,,,,
Motor,Filtro,Filtro de Aire,,CA2517SY,,,,,
Motor,Filtro,Filtro de Aire,,CA253SY,,,,,
Motor,Filtro,Filtro de Aire,,CA2590,,,,,
Motor,Filtro,Filtro de Aire,,CA2718EE,,WR213,,,
Motor,Filtro,Filtro de Aire,,CA273,,,,,
Motor,Filtro,Filtro de Aire,,CA283A,AP7998,WAP285,C17308/1,,WA11233
Motor,Filtro,Filtro de Aire,,CA283BPU,,WAP286,,,
Motor,Filtro,Filtro de Aire,,CA3105,AP1004,JFA0514/1,C13114/4,LX200,WA46415
Motor,Filtro,Filtro de Aire,,CA3105,AP1004,,C13114/4,LX200,WA46415
Motor,Filtro,Filtro de Aire,,CA3105SY,AS801,WAP139/S,CF600,LXS40/1,WA49415
Motor,Filtro,Filtro de Aire,,CA3115,,WR347,C13114/7,,
Motor,Filtro,Filtro de Aire,,CA3154EE,,WR275,C1380,LX290,
Motor,Filtro,Filtro de Aire,,CA3164EE,,,,,
Motor,Filtro,Filtro de Aire,,CA3167EE,,WR256,,,
Motor,Filtro,Filtro de Aire,,CA3174B,,,C1468,,
Motor,Filtro,Filtro de Aire,,CA324A,,,,,
Motor,Filtro,Filtro de Aire,,CA3273,,,,,
Motor,Filtro,Filtro de Aire,,CA3280,AP46501,WAP165,C24650/1,LX271,WA42608
Motor,Filtro,Filtro de Aire,,CA3280SY,AS840,WAP106/S,CF1300,LXS43/1,WA42609
Motor,Filtro,Filtro de Aire,,CA3290,AP4650,WAP183,C24650,LX241,
Motor,Filtro,Filtro de Aire,,CA3291,AP9834,WAP163,C20325/2,LX265,WA46554
Motor,Filtro,Filtro de Aire,,CA3291,AP9834,,C20325/2,LX265,WA46554
Motor,Filtro,Filtro de Aire,,CA3291SY,AS820,WAP187/S,CF1000,LXS37/1,WA46525
Motor,Filtro,Filtro de Aire,,CA3295,AP7108,WAP211,C15165/3,LX275,WA46430
Motor,Filtro,Filtro de Aire,,CA3295,AP7108,WAP211,C15165/3,LX275,WA46430
Motor,Filtro,Filtro de Aire,,CA3295SY,AS805,WAP139/S,CF700,LXS5/1,WA49616
Motor,Filtro,Filtro de Aire,,CA3333EE,AR9620,WR201,C2852/2,LX208,WA6383
Motor,Filtro,Filtro de Aire,,CA335PL,,,,,
Motor,Filtro,Filtro de Aire,,CA3399,,,C22117,LX220,
Motor,Filtro,Filtro de Aire,,CA352EE,,JFA0101,,LX1,
Motor,Filtro,Filtro de Aire,,CA353,,JFA0102,,LX67,
Motor,Filtro,Filtro de Aire,,CA3559,,,,LX573,
Motor,Filtro,Filtro de Aire,,CA3588,,,,,
Motor,Filtro,Filtro de Aire,,CA3660,,FAP3231,C2860,LX259,46133
Motor,Filtro,Filtro de Aire,,CA3901,,FAP3218,C3594/1,LX577,
Motor,Filtro,Filtro de Aire,,CA3902,,WR200/10,,,
Motor,Filtro,Filtro de Aire,,CA3914,ARL8841,FAP3266,C41135,LX1316,
Motor,Filtro,Filtro de Aire,,CA3914,ARL8841,,C41135,LX1316,
Motor,Filtro,Filtro de Aire,,CA3943,,,,LX425,
Motor,Filtro,Filtro de Aire,,CA3989,,,,,
Motor,Filtro,Filtro de Aire,,CA4202,AP2710,WAP162,C17225/3,LX236,WA46515
Motor,Filtro,Filtro de Aire,,CA4202,,,C17225/3,LX236,WA46515
Motor,Filtro,Filtro de Aire,,CA4202SY,AS810,WAP186/S,CF800,LXS41/1,WA46532
Motor,Filtro,Filtro de Aire,,CA4215,AP9835,WAP277,C30850/2,LX273,WA46741
Motor,Filtro,Filtro de Aire,,CA4221,AP1185,WAP180,C30880/2,LX450,WA42576
Motor,Filtro,Filtro de Aire,,CA4255,AP1008,JFA0227/1,C16136,LX912,WA6504
Motor,Filtro,Filtro de Aire,,CA4255,AP1008,,C16136,LX912,WA6504
Motor,Filtro,Filtro de Aire,,CA4260,,,C1176/3,LX272,
Motor,Filtro,Filtro de Aire,,CA4261,AR6084,,C3338,LX64,
Motor,Filtro,Filtro de Aire,,CA4309,ARL1656,FAP2812,C2964,LX307,WA1485A
Motor,Filtro,Filtro de Aire,,CA4329EE,,WR275,C1380,LX290,
Motor,Filtro,Filtro de Aire,,CA4336,,,C2648,LX958/1,
Motor,Filtro,Filtro de Aire,,CA4352EE,,WR400,,,
Motor,Filtro,Filtro de Aire,,CA4354EE,,WR229,C2766,,46090
Motor,Filtro,Filtro de Aire,,CA4360,,,,,
Motor,Filtro,Filtro de Aire,,CA4576,,,C26110/1,LX105,
Motor,Filtro,Filtro de Aire,,CA4580,,,C38163/1,LX96,
Motor,Filtro,Filtro de Aire,,CA4685,AP4440,WAP223,C23440/1,LX227,WA46541
Motor,Filtro,Filtro de Aire,,CA4685SY,AS830,WAP107/S,CF1200,LXS42/1,WA42898
Motor,Filtro,Filtro de Aire,,CA4691,AP5461,WAP266,C27798,LX971,WA46694
Motor,Filtro,Filtro de Aire,,CA4691SY,AS835,WAP330/S,CF1400,LXS227,
Motor,Filtro,Filtro de Aire,,CA4692SY,AS836,WAP332/S,CF1310,LXS226,
Motor,Filtro,Filtro de Aire,,CA4813EE,,WR263,C17129,LX478/1,
Motor,Filtro,Filtro de Aire,,CA4818,,JFA231,,LX1140,
Motor,Filtro,Filtro de Aire,,CA4893,,WAP319,C30703,LX531,
Motor,Filtro,Filtro de Aire,,CA4924,,,C2329,LX1298,WA6339
Motor,Filtro,Filtro de Aire,,CA4974,,,C1184,LX502,
Motor,Filtro,Filtro de Aire,,CA4989,,,C13200,LX1057,
Motor,Filtro,Filtro de Aire,,CA502,AP4807,WAP198,C311226,,
Motor,Filtro,Filtro de Aire,,CA502SY,AS213,WAP198/S,,,
Motor,Filtro,Filtro de Aire,,CA5021,,WAP364,,,
Motor,Filtro,Filtro de Aire,,CA5021SY,,WAP365/S,,,
Motor,Filtro,Filtro de Aire,,CA5058,,FAP8999,,,
Motor,Filtro,Filtro de Aire,,CA507,AP2221,,,,
Motor,Filtro,Filtro de Aire,,CA507SY,AS221,,,,
Motor,Filtro,Filtro de Aire,,CA5070,,WAP342,,,
Motor,Filtro,Filtro de Aire,,CA508SY,,,,,
Motor,Filtro,Filtro de Aire,,CA5108,ARL8837,FAP4813,C26168,LX622,WA9405
Motor,Filtro,Filtro de Aire,,CA5111,ARL8103,FAP4812,C33156,LX572,WA6185
Motor,Filtro,Filtro de Aire,,CA5125,,,C2568,LX807,46242
Motor,Filtro,Filtro de Aire,,CA5140,,,C2571/1,LX453,
Motor,Filtro,Filtro de Aire,,CA5140,,FAP5301,C2571/1,LX453,
Motor,Filtro,Filtro de Aire,,CA5155,,,C311093/2,LX93,
Motor,Filtro,Filtro de Aire,,CA5156,AR6090,FAP4034,C26111,LX906,WA10540
Motor,Filtro,Filtro de Aire,,CA5160EE,AR8816,,C30321,LX332,
Motor,Filtro,Filtro de Aire,,CA5164,ARL8102,FAP3215,C34651,,
Motor,Filtro,Filtro de Aire,,CA5229EE,,WR274,,LX330,WA6455
Motor,Filtro,Filtro de Aire,,CA523,,,C24719,,
Motor,Filtro,Filtro de Aire,,CA523SY,,,C1281,,
Motor,Filtro,Filtro de Aire,,CA5232,,,,,
Motor,Filtro,Filtro de Aire,,CA5233,,FAP4823,C32120,LX492,
Motor,Filtro,Filtro de Aire,,CA5266,,FAP4024,C3074,LX495,WA10475
Motor,Filtro,Filtro de Aire,,CA5267,,,C3073,LX480,
Motor,Filtro,Filtro de Aire,,CA5301,,FAP4816,C31152/1,LX296,
Motor,Filtro,Filtro de Aire,,CA5304,,JFA0995,C1699,LX1077,
Motor,Filtro,Filtro de Aire,,CA5308EE,,WR282,C16113,LX329,WA6549
Motor,Filtro,Filtro de Aire,,CA5325,ARL4147,FAP4033,C2496,LX625,WA10536
Motor,Filtro,Filtro de Aire,,CA5347,AP5571,WAP603,C371774,LX1055,
Motor,Filtro,Filtro de Aire,,CA5349,,,C33220,,
Motor,Filtro,Filtro de Aire,,CA5350,ARL7321,FAP4830,C25114,LX343,
Motor,Filtro,Filtro de Aire,,CA5357,ARL9601,FAP4831,C26138/1,LX435/1,WA48175
Motor,Filtro,Filtro de Aire,,CA5357D,,,C26138/1,LX435/1,WA48175
Motor,Filtro,Filtro de Aire,,CA5358,,FAP4835,,LX632,
Motor,Filtro,Filtro de Aire,,CA5369,,JFA0117,C13103/1,LX830,
Motor,Filtro,Filtro de Aire,,CA5370,ARL6092,FAP4827,C27154/1,LX405,WA6228
Motor,Filtro,Filtro de Aire,,CA5377,ARL6094,,C28136/1,LX418,WA42827
Motor,Filtro,Filtro de Aire,,CA5377D,,FAP4826/1,C28136/2,,
Motor,Filtro,Filtro de Aire,,CA5400,,FAP1701,C3178,LX390,
Motor,Filtro,Filtro de Aire,,CA5416EE,,WR900,C1550,,
Motor,Filtro,Filtro de Aire,,CA5436,,FAP3606,C35148,LX726,
Motor,Filtro,Filtro de Aire,,CA5456,,WR308,C1760,LX486,WA6429
Motor,Filtro,Filtro de Aire,,CA5456EE,,WR308,C1760,LX486,WA6429
Motor,Filtro,Filtro de Aire,,CA546,AP5460,WAP331,C21493,LX972,
Motor,Filtro,Filtro de Aire,,CA546,AP5460,,C21493,LX972,
Motor,Filtro,Filtro de Aire,,CA546SY,AS859,WAP332/S,CF1310,,
Motor,Filtro,Filtro de Aire,,CA5463,,FAP3242,C3042/1,LX509,
Motor,Filtro,Filtro de Aire,,CA5466,,JFA0249,,LX811,
Motor,Filtro,Filtro de Aire,,CA5483SY,AS860,WAP287/S,CF1600,LXS44/1,
Motor,Filtro,Filtro de Aire,,CA5485EE,,,,,
Motor,Filtro,Filtro de Aire,,CA5488,ARL8106,FAP4037,C3173,LX488,WA6246
Motor,Filtro,Filtro de Aire,,CA5492,,FAP4836,C37148,LX521,
Motor,Filtro,Filtro de Aire,,CA5494,ARL5410,,C40107,LX522,WA6240
Motor,Filtro,Filtro de Aire,,CA5494,ARL5410,,C40107,LX522,WA6240
Motor,Filtro,Filtro de Aire,,CA5496,ARL8832,FAP2827,C2256,LX523,WA10038
Motor,Filtro,Filtro de Aire,,CA5496,ARL8832,FAP2827,C2256,LX523,WA10038
Motor,Filtro,Filtro de Aire,,CA5501,ARL8105,FAP4832,C2295,LX524,WA6238
Motor,Filtro,Filtro de Aire,,CA5513,ARL6091,,C29108,LX909,WA10537
Motor,Filtro,Filtro de Aire,,CA5513D,,FAP4049,C29108,LX909,WA10537
Motor,Filtro,Filtro de Aire,,CA5513,ARL6091,,C29108,LX909,WA10537
Motor,Filtro,Filtro de Aire,,CA5522,,FAP4849,C26126,LX821,
Motor,Filtro,Filtro de Aire,,CA5554,,FAP4837,C3377,LX541,
Motor,Filtro,Filtro de Aire,,CA5567,,JFA997,C16127,,
Motor,Filtro,Filtro de Aire,,CA5572,,,C14160X,LX872,
Motor,Filtro,Filtro de Aire,,CA5578,ARL8107,FAP3605,C2056,LX624,WA6336
Motor,Filtro,Filtro de Aire,,CA5595,,FAP3255,C2564,LX534,46105
Motor,Filtro,Filtro de Aire,,CA5611,ARS1013,WR316,C17278,LX611,WA6487
Motor,Filtro,Filtro de Aire,,CA5613,,FAP4838,C27103,LX452,
Motor,Filtro,Filtro de Aire,,CA5626,AP9836,WAP346,C27844/1,LX1056,
Motor,Filtro,Filtro de Aire,,CA5626PU,ARS9839,WAP103,C27830,LX1716,WA48915
Motor,Filtro,Filtro de Aire,,CA5626PU,ARS9839,WAP103,C27830,LX1716,WA48915
Motor,Filtro,Filtro de Aire,,CA5626SYPU,ARS839,WAP103/S,CF1520,LXS260,WA10478
Motor,Filtro,Filtro de Aire,,CA5626SYPU,,,CF1520,LXS2600,WA10478
Motor,Filtro,Filtro de Aire,,CA5626SY,,,,,
Motor,Filtro,Filtro de Aire,,CA5627,ARL4150,FAP2831,C2585,LX908,WA48010
Motor,Filtro,Filtro de Aire,,CA5627,ARL4150,,,LX908,WA48010
Motor,Filtro,Filtro de Aire,,CA5641,,FAP3256,C2493,LX500,
Motor,Filtro,Filtro de Aire,,CA5657,,FAP4850,C2874,LX719,
Motor,Filtro,Filtro de Aire,,CA5671,,,,,
Motor,Filtro,Filtro de Aire,,CA5677,,FAP4047,C2973,LX689,WA10473
Motor,Filtro,Filtro de Aire,,CA5680,ARL8839,FAP3262,C34116/1,LX614,WA6337
Motor,Filtro,Filtro de Aire,,CA5682,ARL9603,FAP2832,C2677,LX687,WA10543
Motor,Filtro,Filtro de Aire,,CA5682D,,,C26771,LX687,WA10543
Motor,Filtro,Filtro de Aire,,CA5699,,,C331600/2,LX626,
Motor,Filtro,Filtro de Aire,,CA5707,,,C33920/3,LX1255,
Motor,Filtro,Filtro de Aire,,CA5707SY,,,CF2100,,
Motor,Filtro,Filtro de Aire,,CA5716,,FAP3273,C40124,LX569,
Motor,Filtro,Filtro de Aire,,CA5718,,,C25100/1,LX618,WA6737
Motor,Filtro,Filtro de Aire,,CA5718,,,C25100/1,LX618,WA6737
Motor,Filtro,Filtro de Aire,,CA5760,ARS1188,WAP359,C301500,LX712,
Motor,Filtro,Filtro de Aire,,CA5776EE,,WR107,C1472,LX715,
Motor,Filtro,Filtro de Aire,,CA5781,,FAP4848,C29198,LX537,
Motor,Filtro,Filtro de Aire,,CA5781,,,C29198,LX537,
Motor,Filtro,Filtro de Aire,,CA5826,,FAP6005,C33256,LX678,
Motor,Filtro,Filtro de Aire,,CA5827,ARL6093,FAP4045,C37153,LX684,WA42472
Motor,Filtro,Filtro de Aire,,CA5830,,,C58185/1,LX467/1,
Motor,Filtro,Filtro de Aire,,CA5837,ARL9604,FAP3608,C2982/1,LX962,
Motor,Filtro,Filtro de Aire,,CA5854,,FAP4851,C24128,LX691,
Motor,Filtro,Filtro de Aire,,CA5860,,FAP4857,C2788,LX857,
Motor,Filtro,Filtro de Aire,,CA5901,AP1009,JFA0227,,,
Motor,Filtro,Filtro de Aire,,CA5929,ARL9607,FAP3610,C2776,LX1712,WA10499
Motor,Filtro,Filtro de Aire,,CA5930,,JFA0194,C14176,LX803,WA6563
Motor,Filtro,Filtro de Aire,,CA5941,,FAP9469,C2771,LX824,WA6375
Motor,Filtro,Filtro de Aire,,CA5945,,JFA0387,C2537/1,LX829,
Motor,Filtro,Filtro de Aire,,CA5948,,FAP9119,C30195/2,LX439/1,
Motor,Filtro,Filtro de Aire,,CA5961,ARS2868,WR200/3,C14200,LX960,WA48235
Motor,Filtro,Filtro de Aire,,CA5967,,JFA0292,C22267,LX3235,WA6648
Motor,Filtro,Filtro de Aire,,CA5970,ARL8840,FAP3268,C30130/3,LX735,WA48775
Motor,Filtro,Filtro de Aire,,CA5971,AP5462,WAP321,C21367,LX1096,
Motor,Filtro,Filtro de Aire,,CA5971SY,AS837,,CF1560,LXS229,
Motor,Filtro,Filtro de Aire,,CA5981,ARL8832,FAP3289,C1944,LX1315,WA48450
Motor,Filtro,Filtro de Aire,,CA5981,ARL8832,FAP3289,C1944,LX1315,WA48450
Motor,Filtro,Filtro de Aire,,CA6308,,JFA0415,,,
Motor,Filtro,Filtro de Aire,,CA6324,,,,,
Motor,Filtro,Filtro de Aire,,CA6366,,FAP3257,,,
Motor,Filtro,Filtro de Aire,,CA6395,,JFA0238,C31101/1,LX809,WA11380A
Motor,Filtro,Filtro de Aire,,CA6544,,,C2619,LX733,
Motor,Filtro,Filtro de Aire,,CA6545,,FAP4816,C31152/1,LX296,
Motor,Filtro,Filtro de Aire,,CA6558,,JFA0317,,LX679,
Motor,Filtro,Filtro de Aire,,CA6604SY,,,CF930,LXS212,
Motor,Filtro,Filtro de Aire,,CA6690,,JFA0299,C26015,LX812,
Motor,Filtro,Filtro de Aire,,CA6807,,JFA0422,C2537/2,LX667,
Motor,Filtro,Filtro de Aire,,CA6856,,,,,
Motor,Filtro,Filtro de Aire,,CA6868,,FAP4822,C23148,LX312,
Motor,Filtro,Filtro de Aire,,CA6900,,JFA0710,C2329,LX1298,WA6339
Motor,Filtro,Filtro de Aire,,CA7139,ARS2711,WAP364,,,
Motor,Filtro,Filtro de Aire,,CA7139SY,ASR815,WAP365/S,,,
Motor,Filtro,Filtro de Aire,,CA7140,,,,,
Motor,Filtro,Filtro de Aire,,CA7142,,JFA0598,C2332,LX989,46057
Motor,Filtro,Filtro de Aire,,CA7174,,JFA0499,C2138/3,LX848,
Motor,Filtro,Filtro de Aire,,CA7203,,,,,
Motor,Filtro,Filtro de Aire,,CA7245,,FAP4032,C41121,LX61,
Motor,Filtro,Filtro de Aire,,CA7284,,,,,
Motor,Filtro,Filtro de Aire,,CA7344,,JFA0599,C2438,LX591,
Motor,Filtro,Filtro de Aire,,CA7351,,JFA0298,C31126,LX810,
Motor,Filtro,Filtro de Aire,,CA7368,,,,LX546,
Motor,Filtro,Filtro de Aire,,CA7414,,,,,
Motor,Filtro,Filtro de Aire,,CA7417,,JFA0977,C3145,LX1740,
Motor,Filtro,Filtro de Aire,,CA7420,,JFA0495,,LX844,
Motor,Filtro,Filtro de Aire,,CA7421,,FAP3234,C2537/2,LX667,
Motor,Filtro,Filtro de Aire,,CA7432,,FAP2843,C2372,LX3149,
Motor,Filtro,Filtro de Aire,,CA7438,,,,,
Motor,Filtro,Filtro de Aire,,CA7440,ARL4039,JFA0985,C18150,LX1272,
Motor,Filtro,Filtro de Aire,,CA7444,,,,,
Motor,Filtro,Filtro de Aire,,CA7444SY,,,,,
Motor,Filtro,Filtro de Aire,,CA7459,,,C17250,,
Motor,Filtro,Filtro de Aire,,CA7484,,,C281045/2,LX2008,
Motor,Filtro,Filtro de Aire,,CA7484SY,,,CF15136,,
Motor,Filtro,Filtro de Aire,,CA7486,,,C29840/2,LX1774,
Motor,Filtro,Filtro de Aire,,CA7486SY,,,CF1574,,
Motor,Filtro,Filtro de Aire,,CA7495,,,,,
Motor,Filtro,Filtro de Aire,,CA7495SY,,,,,
Motor,Filtro,Filtro de Aire,,CA7597,,,C2452,LX722,
Motor,Filtro,Filtro de Aire,,CA7605,,JFA0586,C25020,LX839,
Motor,Filtro,Filtro de Aire,,CA7617,,JFA0898,C27361,LX863,46207
Motor,Filtro,Filtro de Aire,,CA7651,,FAP9051,C26151,,42295
Motor,Filtro,Filtro de Aire,,CA7737,,FAP3277,C3261,LX799,WA6523
Motor,Filtro,Filtro de Aire,,CA7764,,JFA0491,C2055,LX1049,
Motor,Filtro,Filtro de Aire,,CA7774,,FAP9001,,LX1937,
Motor,Filtro,Filtro de Aire,,CA7775,,,C2559,LX745,
Motor,Filtro,Filtro de Aire,,CA8038,,WR297,,,
Motor,Filtro,Filtro de Aire,,CA8039,,FAP8994,,LX1933,
Motor,Filtro,Filtro de Aire,,CA8040,,JFA0710,C2329,LX1298,WA6339
Motor,Filtro,Filtro de Aire,,CA8067,,,,,
Motor,Filtro,Filtro de Aire,,CA8069,ARL8827,JFA0897,C2337,LX862,WA6592
Motor,Filtro,Filtro de Aire,,CA8141,,WR199/7,,,
Motor,Filtro,Filtro de Aire,,CA8208,,JFA0587,C2136/1,LX3696,
Motor,Filtro,Filtro de Aire,,CA8220,,FAP4820,C29105,LX494,
Motor,Filtro,Filtro de Aire,,CA8229,,,,,
Motor,Filtro,Filtro de Aire,,CA8243D,,FAP9002,C23121/2,LX1095,
Motor,Filtro,Filtro de Aire,,CA8466,,,,,
Motor,Filtro,Filtro de Aire,,CA8594,,,,,
Motor,Filtro,Filtro de Aire,,CA8602,,FAP4045,C37153,LX684,WA42472
Motor,Filtro,Filtro de Aire,,CA8621,,,C2914202,,
Motor,Filtro,Filtro de Aire,,CA8621SY,,,CF15116/2,,
Motor,Filtro,Filtro de Aire,,CA8668,ARL5310,FAP6003,C32338/1,LX513,WA42351
Motor,Filtro,Filtro de Aire,,CA8674,ARL5050,FAP3272,C2159,LX643,
Motor,Filtro,Filtro de Aire,,CA8675,,FAP4865,C2192,LX645/1,WA6540
Motor,Filtro,Filtro de Aire,,CA8675D,,FAP6008,,,
Motor,Filtro,Filtro de Aire,,CA8734,,JFA0578,C2714,LX953,
Motor,Filtro,Filtro de Aire,,CA8736,ARL9605,FAP2840,C2693,LX1312,WA10508
Motor,Filtro,Filtro de Aire,,CA8737,,,C17337/3,LX1142,93326E
Motor,Filtro,Filtro de Aire,,CA8737SY,,,CF990/2,LXS256,46569E
Motor,Filtro,Filtro de Aire,,CA8747,,FAP3282,C2681,LX1758,46699
Motor,Filtro,Filtro de Aire,,CA8748,,WR314/1,C1286/1,LX852,
Motor,Filtro,Filtro de Aire,,CA8766,,JFA0H03,C2469,LX1039,
Motor,Filtro,Filtro de Aire,,CA8767,,,,LX439/1,
Motor,Filtro,Filtro de Aire,,CA8768,,FAP4052,C3698/3,LX804/S,
Motor,Filtro,Filtro de Aire,,CA87682,,,C3698/3,LX804/S,
Motor,Filtro,Filtro de Aire,,CA8772,,JFA0514/1,C14179,LX682,42768
Motor,Filtro,Filtro de Aire,,CA8774,,WR349,C1145/6,LX646/1,
Motor,Filtro,Filtro de Aire,,CA8774EE,,WR349,C1145/6,LX646/1,
Motor,Filtro,Filtro de Aire,,CA8786,,WR257/3,C1387,LX660,
Motor,Filtro,Filtro de Aire,,CA8789,,WR327/1,C1381,LX794,
Motor,Filtro,Filtro de Aire,,CA8805,,WR197,,,
Motor,Filtro,Filtro de Aire,,CA8812,,,C25100/1,LX618,WA6737
Motor,Filtro,Filtro de Aire,,CA8817,,FAP2844,C2975,LX1662,42329
Motor,Filtro,Filtro de Aire,,CA8821,,FAP3271,C32199,LX876,93364E
Motor,Filtro,Filtro de Aire,,CA8847,,FAP4872,C3875,LX1258,WA6761
Motor,Filtro,Filtro de Aire,,CA8887,,FAP6006,C26206/1,LX593/1,
Motor,Filtro,Filtro de Aire,,CA8911,,JFA0428,,LX1689,
Motor,Filtro,Filtro de Aire,,CA8919,,FAP4866,C28100,LX935,
Motor,Filtro,Filtro de Aire,,CA8919,,FAP4866,C28100,LX935,
Motor,Filtro,Filtro de Aire,,CA8934,,WR362,C151051,LX823,
Motor,Filtro,Filtro de Aire,,CA8963,ART5052,FAP9272,,LX744,
Motor,Filtro,Filtro de Aire,,CA8964,ART5051,FAP9273,C1858/2,LX773,WA48900
Motor,Filtro,Filtro de Aire,,CA8964,ART5051,FAP9273,C1858/2,LX773,WA48900
Motor,Filtro,Filtro de Aire,,CA8970,,FAP3221,C2562,LX336,WA6291
Motor,Filtro,Filtro de Aire,,CA8995,,FAP4863,C37132,LX997,WA6704
Motor,Filtro,Filtro de Aire,,CA8996,,FAP3271/2,C32199,LX1886,93364E
Motor,Filtro,Filtro de Aire,,CA8997,,FAP2851,C26100,LX1456,
Motor,Filtro,Filtro de Aire,,CA9002,ARS8842,WR200/5,C16400,LX1673,93220E
Motor,Filtro,Filtro de Aire,,CA9002SY,ASR807,WAP200/6S,CF400,,93216E
Motor,Filtro,Filtro de Aire,,CA9003,ARS7109,WR200/4,C15300,LX1687/1,WA46836
Motor,Filtro,Filtro de Aire,,CA9007,,FAP4830/1,C25114/1,LX343,
Motor,Filtro,Filtro de Aire,,CA9017,,JFA0693,,,
Motor,Filtro,Filtro de Aire,,CA9021,,JFA0383,C25128,LX929,WA9530
Motor,Filtro,Filtro de Aire,,CA9022,,FAP3614,C31116,LX1000,WA6673
Motor,Filtro,Filtro de Aire,,CA9032,ARS9837,WAP384,C27902,LX1070,WA48865
Motor,Filtro,Filtro de Aire,,CA9032,ARS9837,WAP384,C27902,LX1070,WA48865
Motor,Filtro,Filtro de Aire,,CA9032SY,ASR837,WAP384/S,CF1550,LXS261,WA10068
Motor,Filtro,Filtro de Aire,,CA9033,ARS9838,WAP382,C20457,LX1093,WA10526
Motor,Filtro,Filtro de Aire,,CA9033,,WAP382,C20457,LX1093,WA10526
Motor,Filtro,Filtro de Aire,,CA9033SY,,WAP382,CF933,LXS263,WA11109
Motor,Filtro,Filtro de Aire,,CA9041,,FAP9000,C38145,LX752,
Motor,Filtro,Filtro de Aire,,CA9045,ARS1181,WAP119,C31017,LX3582,WA10918
Motor,Filtro,Filtro de Aire,,CA9045SY,,WAP119/S,CF17006,,
Motor,Filtro,Filtro de Aire,,CA9048SY,,,,,
Motor,Filtro,Filtro de Aire,,CA9053,,,,,
Motor,Filtro,Filtro de Aire,,CA9054,,FAP9033,C24100,LX1288,
Motor,Filtro,Filtro de Aire,,CA9074,,WR244,C2672/1,LX2844,WA6697
Motor,Filtro,Filtro de Aire,,CA9078,,FAP4060,C2987/1,LX993,
Motor,Filtro,Filtro de Aire,,CA9080,,FAP6010,C25117/2,LX1048,
Motor,Filtro,Filtro de Aire,,CA9082,,FAP4054,C25101/1,LX1044,
Motor,Filtro,Filtro de Aire,,CA9096-2,,FAP4051,C1955/2,LX925S,
Motor,Filtro,Filtro de Aire,,CA9097,,FAP6009,C26107,LX947,
Motor,Filtro,Filtro de Aire,,CA9098,,FAP3278,C3251,LX704/1,
Motor,Filtro,Filtro de Aire,,CA9113,,JFA0796,,,
Motor,Filtro,Filtro de Aire,,CA9126,,,C3498,LX978,WA6674
Motor,Filtro,Filtro de Aire,,CA9230,,WR348/1,C15893,LX913,
Motor,Filtro,Filtro de Aire,,CA9231,,WR316,C17278,LX611,WA6487
Motor,Filtro,Filtro de Aire,,CA9246,,WAP700,C13145/2,LX2959,46489
Motor,Filtro,Filtro de Aire,,CA9248,,,C9002,LX2908,
Motor,Filtro,Filtro de Aire,,CA9269,,WR296,C14210/2,LX1241,46652
Motor,Filtro,Filtro de Aire,,CA9283,ARS7990,WAP383,C18263/1,,WA10460
Motor,Filtro,Filtro de Aire,,CA9290,,FAP2214,C2969,LX1779,
Motor,Filtro,Filtro de Aire,,CA9315,ARL5053,FAP3615,C3485/2,LX1287,WA10440
Motor,Filtro,Filtro de Aire,,CA9315,ARL5053,FAP3615,C3485/2,LX1287,WA10440
Motor,Filtro,Filtro de Aire,,CA9328,,FAP4208,C28105,LX1074,
Motor,Filtro,Filtro de Aire,,CA9329,,,C3275,LX1143,WA6769
Motor,Filtro,Filtro de Aire,,CA9352,ARS3003,WAP606,C20500,LX2020,93104E
Motor,Filtro,Filtro de Aire,,CA9352SY,ASR203,WAP606/S,CF500,,
Motor,Filtro,Filtro de Aire,,CA9355,ARS1189,WAP361,C301622,LX1069,WA10527
Motor,Filtro,Filtro de Aire,,CA9355SY,ASR870,,CF1711,LXS262,
Motor,Filtro,Filtro de Aire,,CA9369,ARS5673,WAP102,C21470,LX2533,WA10529
Motor,Filtro,Filtro de Aire,,CA9381,,WAP319,C30703,LX531,
Motor,Filtro,Filtro de Aire,,CA9388,AP9496,WAP104,C29010,LX776/1,93157E
Motor,Filtro,Filtro de Aire,,CA9391,ARL8825,FAP3280,C30125/4,LX999,WA48845
Motor,Filtro,Filtro de Aire,,CA9393,AP7070,,,,
Motor,Filtro,Filtro de Aire,,CA9401,,FAP3290,,,
Motor,Filtro,Filtro de Aire,,CA9409,,FAP6007,C27192/1,LX819,
Motor,Filtro,Filtro de Aire,,CA9410,ART6098,FAP7007,C2295/2,LX998,WA48045
Motor,Filtro,Filtro de Aire,,CA9410,ART6098,FAP7007,C2295/2,LX998,WA48045
Motor,Filtro,Filtro de Aire,,CA9411,,FAP4871,C1733,LX788,
Motor,Filtro,Filtro de Aire,,CA9419,ARS1183,WAP105,C301359,LX3006,
Motor,Filtro,Filtro de Aire,,CA9419SY,ASR188,WAP105/S,CF1710,LXS288,
Motor,Filtro,Filtro de Aire,,CA9424,,FAP4045/1,C37153/1,LX1835,WA6693
Motor,Filtro,Filtro de Aire,,CA9431,ART6097,FAP7006,C2295/3,LX708,WA48980
Motor,Filtro,Filtro de Aire,,CA9431,ART6097,FAP7006,C2295/3,LX708,WA48980
Motor,Filtro,Filtro de Aire,,CA9435,,FAP2413,C2237,LX1046,
Motor,Filtro,Filtro de Aire,,CA9441,,JFA0H04,C2632/1,LX1041,
Motor,Filtro,Filtro de Aire,,CA9482,,JFA0283,C2620/1,,
Motor,Filtro,Filtro de Aire,,CA9493,,JFA0432,C1430,LX1768,
Motor,Filtro,Filtro de Aire,,CA9511,ARL9608,FAP9003,C4151,LX1597,WA10512
Motor,Filtro,Filtro de Aire,,CA9519,ARL6095,FAP3287,C2998/5,LX977,WA6688
Motor,Filtro,Filtro de Aire,,CA9519,ARL6095,FAP3287,C2998/5,LX977,WA6688
Motor,Filtro,Filtro de Aire,,CA9525,,JFA0K10,C3033,LX1955,WA11463A
Motor,Filtro,Filtro de Aire,,CA9542,,JFA0524,C3766,LX2885,
Motor,Filtro,Filtro de Aire,,CA9544,,FAP4025,C47109,LX939,
Motor,Filtro,Filtro de Aire,,CA9550,ARS2567,WAP246,C1196/2,LX2958,46438
Motor,Filtro,Filtro de Aire,,CA9560,AP5572,,C341500,LX1281,
Motor,Filtro,Filtro de Aire,,CA9560SY,,,CF2000,LXS282,
Motor,Filtro,Filtro de Aire,,CA9564,,JFA0494/2,,LX1945,
Motor,Filtro,Filtro de Aire,,CA9571,,,C25660/2,LX1072,
Motor,Filtro,Filtro de Aire,,CA9572,,FAP4055,C3087/2,LX1282,WA6738
Motor,Filtro,Filtro de Aire,,CA9572D,,,,,
Motor,Filtro,Filtro de Aire,,CA9589,ARL5303,FAP9010,,LX3524,
Motor,Filtro,Filtro de Aire,,CA9600,,,,,
Motor,Filtro,Filtro de Aire,,CA9643,,FAP9274,C27124,LX694,
Motor,Filtro,Filtro de Aire,,CA9680,,WR365,C14114,LX1277,WA9443
Motor,Filtro,Filtro de Aire,,CA9682,,JFA0291,,LX2968,
Motor,Filtro,Filtro de Aire,,CA9683,,,,LX3771,
Motor,Filtro,Filtro de Aire,,CA9709,,WR324,C1882,LX759,
Motor,Filtro,Filtro de Aire,,CA9711,ARL6073,FAP6012,C35154,LX1482,WA49020
Motor,Filtro,Filtro de Aire,,CA9728,,JFA0815,C2074,LX1061,
Motor,Filtro,Filtro de Aire,,CA9746,ARS5134,,C23610,LX1801,WA49783
Motor,Filtro,Filtro de Aire,,CA9746SY,ASR353,,CF600/1,LXS219,WA10496
Motor,Filtro,Filtro de Aire,,CA9747,ARS9840,WAP181,C271340,LX1313/1,WA48925
Motor,Filtro,Filtro de Aire,,CA9747SY,ASR941,WAP181/S,CF1651,LXS312,WA10069
Motor,Filtro,Filtro de Aire,,CA9754,,FAP7013,C2512,LX957,WA9457
Motor,Filtro,Filtro de Aire,,CA9764,,FAP9027,C3282,LX1452,WA9411
Motor,Filtro,Filtro de Aire,,CA9783,,WAP109,C331465/1,,93242E
Motor,Filtro,Filtro de Aire,,CA9783SY,,WAP109/S,CF2100/1,,
Motor,Filtro,Filtro de Aire,,CA9792,,FFA0H06,C2542,LX2821,
Motor,Filtro,Filtro de Aire,,CA9798,,,,,
Motor,Filtro,Filtro de Aire,,CA9800,,WR196,C14130,LX1566,WA9756
Motor,Filtro,Filtro de Aire,,CA9806,,FAP2412,C2851,LX1269,
Motor,Filtro,Filtro de Aire,,CA9833,ARS7991,,C11102,LX2531,
Motor,Filtro,Filtro de Aire,,CA9834,,WR001,C1016,LX3108,
Motor,Filtro,Filtro de Aire,,CA9835,,FAP1002,C1425,LX3109,
Motor,Filtro,Filtro de Aire,,CA9849,,JFA0278,C3230,LX1692,
Motor,Filtro,Filtro de Aire,,CA9874,,,C14230,,46662
Motor,Filtro,Filtro de Aire,,CA9902,ARL8816,JFA0602,C2324,LX1915,WA9439
Motor,Filtro,Filtro de Aire,,CA9937,ARL5138,FAP4872/1,C3366,LX1655,WA9496
Motor,Filtro,Filtro de Aire,,CA9937,ARL5138,FAP4872/1,C3366,LX1655,WA9496
Motor,Filtro,Filtro de Aire,,CA9942,,FAP3213,,LX1827,
Motor,Filtro,Filtro de Aire,,CA9945,ARL1033,JFA0428/1,C3324,LX1933,WA9423
Motor,Filtro,Filtro de Aire,,CA9950,,WR195,C1370,LX1650,
Motor,Filtro,Filtro de Aire,,CA9951,,WR363,C1361,LX1651,
Motor,Filtro,Filtro de Aire,,CA9991,,FAP3271/3,C29168,LX1656,WA9413
Motor,Filtro,Filtro de Aire,,PA11380,,,,,
Motor,Filtro,Filtro de Aire,,PA4419,ARL8101,FAP4803,C34109,LX54,WA42170
Motor,Filtro,Filtro de Aire,,CAK1532,,,C14190,LX32,46606
Motor,Filtro,Filtro de Aire,,CAK2521,,,C14179/1,LX649,42631
Motor,Filtro,Filtro de Aire,,CAK253,AP5080,JFA0514,C14179,LX3714,42768
Motor,Filtro,Filtro de Aire,,CAK256,,WAP202,C1188,LX14,42276
Motor,Filtro,Filtro de Aire,,CAK258,AP6774,WAP203,C16190X,LX17,42126
Motor,Filtro,Filtro de Aire,,CAK6604,,,C16334,LX650,
Motor,Filtro,Filtro de habitaculo,,CF10025,,AKX1378,CU2026,LA241,
Motor,Filtro,Filtro de habitaculo,,CF10025,,AKX1378,CU2026,LA241,
Motor,Filtro,Filtro de habitaculo,,CF10059,,AKX35175F,CU2440,LA642,WP9230
Motor,Filtro,Filtro de habitaculo,,CF10062,,AKX1456,CU2358,LA216,
Motor,Filtro,Filtro de habitaculo,,CF10073,,AKX1937,CU1835,LA155,
Motor,Filtro,Filtro de habitaculo,,CF10113,,AKX35722,,,
Motor,Filtro,Filtro de habitaculo,,CF10135,,AKX1457,,,
Motor,Filtro,Filtro de habitaculo,,CF10204-2,,AKX1444-2,CU210002,LA191S,WP9256
Motor,Filtro,Filtro de habitaculo,,CF10204-2,,AKX1444-2,CU21000/2,LA191S,WP9256
Motor,Filtro,Filtro de habitaculo,,CF10207,,AKX1540,CU8430,LA248,
Motor,Filtro,Filtro de habitaculo,,CF10209-2,,AKX35636,CU3023/2,LA239,
Motor,Filtro,Filtro de habitaculo,,CF10210,,AKX1984,CU2336,LA301,WP9302
Motor,Filtro,Filtro de habitaculo,,CF10285,,AKX1965/C,CU1919,LAK490,WP9290
Motor,Filtro,Filtro de habitaculo,,CF10363,,AKX2101,,LA897,
Motor,Filtro,Filtro de habitaculo,,CF10363,,AKX2101,,LA897,
Motor,Filtro,Filtro de habitaculo,,CF10381,,AKX1990,CU2362,LA343,
Motor,Filtro,Filtro de habitaculo,,CF10411,,AKX1457,CU2454,LA344,
Motor,Filtro,Filtro de habitaculo,,CF10413,,,CU2040,LA457,WP9320
Motor,Filtro,Filtro de habitaculo,,CF10420,,AKX3549F,,LA411,
Motor,Filtro,Filtro de habitaculo,,CF10431,,AKX1993,CU2141,LA424,WP9322
Motor,Filtro,Filtro de habitaculo,,CF10436,,AKX3565,CU3569,LA307,WP9330
Motor,Filtro,Filtro de habitaculo,,CF10436,,AKX3565,CU3569,LA307,WP9330
Motor,Filtro,Filtro de habitaculo,,CF10457,,,CU2450,LA386,WP9328
Motor,Filtro,Filtro de habitaculo,,CF10457,,,CU2450,LA386,WP9328
Motor,Filtro,Filtro de habitaculo,,CF10471,,AKX2004,,LA441,
Motor,Filtro,Filtro de habitaculo,,CF10528,,,CU2620,LA469,
Motor,Filtro,Filtro de habitaculo,,CF105342,,,CU2418/2,LA468S,WP9336
Motor,Filtro,Filtro de habitaculo,,CF105362,,,CU29003/2,LA428S,WP9318
Motor,Filtro,Filtro de habitaculo,,CF10546,,AKX3534,CU2330,LA361,WP9254
Motor,Filtro,Filtro de habitaculo,,CF10569,,,CU2436,LA463,WP9360
Motor,Filtro,Filtro de habitaculo,,CF10597,,AKX1376,CU2952,LA439,
Motor,Filtro,Filtro de habitaculo,,CF10621,,,CU3540,LA229,
Motor,Filtro,Filtro de habitaculo,,CF10627,,,CU1910,LA471,
Motor,Filtro,Filtro de habitaculo,,CF10774,,AKX35723,CU2442,LA472,WP9356
Motor,Filtro,Filtro de habitaculo,,CF10774,,AKX35723,CU2442,LA472,WP9356
Motor,Filtro,Filtro de habitaculo,,CF10775,,,,,
Motor,Filtro,Filtro de habitaculo,,CF10829,,,CU200011,LA612,
Motor,Filtro,Filtro de habitaculo,,CF108292,,,CU20001/1,LA612,
Motor,Filtro,Filtro de habitaculo,,CF10831,,AKX1631F,CU4436,LA171,
Motor,Filtro,Filtro de habitaculo,,CF10843,,AKX1939,CU21003,LA462,WP2038
Motor,Filtro,Filtro de habitaculo,,CF10892,,AKX1965,,,
Motor,Filtro,Filtro de habitaculo,,CF10893,,AKX35321,CU2629,LA422,WP9280
Motor,Filtro,Filtro de habitaculo,,CF10895,,AKX3536,,,
Motor,Filtro,Filtro de habitaculo,,CF10896,,AKX2017,,,
Motor,Filtro,Filtro de habitaculo,,CF10897,,,,,
Motor,Filtro,Filtro de habitaculo,,CF10898,,AKX35159,,,
Motor,Filtro,Filtro de habitaculo,,CF10899,,,,,
Motor,Filtro,Filtro de habitaculo,,CF10900,,,CU2329,LA180,
Motor,Filtro,Filtro de habitaculo,,CF10917,,AKX1953,CU1936,LA396,WP9350
Motor,Filtro,Filtro de habitaculo,,CF11019,,AKX1980,,,
Motor,Filtro,Filtro de habitaculo,,CF11164,,AKX1446,CU2940,LA138,WP9112
Motor,Filtro,Filtro de habitaculo,,CF11166,,AKX3535,CU2622,LA421,
Motor,Filtro,Filtro de habitaculo,,CF11182,,,CU21003,LA462,WP2038
Motor,Filtro,Filtro de habitaculo,,CF11183,,AKX2105/C,,LA1594,
Motor,Filtro,Filtro de habitaculo,,CF11243,,AKX1959,,LA635,
Motor,Filtro,Filtro de habitaculo,,CF11243,,AKX1959,,LA635,
Motor,Filtro,Filtro de habitaculo,,CF11414,,AKX3537,CU2012,LA624,
Motor,Filtro,Filtro de habitaculo,,CF11444,,AKX2102,CU2227,LA569,WP2062
Motor,Filtro,Filtro de habitaculo,,CF11464,,AKX35280,CU26006,LA811,WP2092
Motor,Filtro,Filtro de habitaculo,,CF11464,,AKX35280,CU26006,LA811,WP2092
Motor,Filtro,Filtro de habitaculo,,CF114712,,,CU19004,,
Motor,Filtro,Filtro de habitaculo,,CF11484,,AKX35178,CU22013,LA859,
Motor,Filtro,Filtro de habitaculo,,CF11486,,,CU2939,LA181/1,WP9146
Motor,Filtro,Filtro de habitaculo,,CF11548,,AKX35177,CU24006,LA833,WP2094
Motor,Filtro,Filtro de habitaculo,,CF11548,,AKX35177,CU24006,LA833,WP2094
Motor,Filtro,Filtro de habitaculo,,CF11586,,AKX1396,CUK26005,LAK684,
Motor,Filtro,Filtro de habitaculo,,CF11686,ACP554,AKX1399,CU22019,LA1274,WP10285
Motor,Filtro,Filtro de habitaculo,,CF11726,,AKX35323,CUK20011,LAK633,
Motor,Filtro,Filtro de habitaculo,,CF11819,,AKX3535,,,
Motor,Filtro,Filtro de habitaculo,,CF12018,,AKX2161,CU130021,,WP10096
Motor,Filtro,Filtro de habitaculo,,CF12145,,AKX1967,,,
Motor,Filtro,Filtro de habitaculo,,CF12152,,,,,
Motor,Filtro,Filtro de habitaculo,,CF12171,,,CU30012,LA1198,
Motor,Filtro,Filtro de habitaculo,,CF12772,,,,,
Motor,Filtro,Filtro de habitaculo,,CF5475,,AKX3536,CU4251,LA11,WP6800
Motor,Filtro,Filtro de habitaculo,,CF5551,,AKX35115,CU2225,LA8,WP6814
Motor,Filtro,Filtro de habitaculo,,CF5551,,AKX35115,CU2225,LA8,WP6814
Motor,Filtro,Filtro de habitaculo,,CF5662,,AKX3543,CU3955,LA45,WP6808
Motor,Filtro,Filtro de habitaculo,,CF5663,,AKX35132,CU2882,LA31,WP6812
Motor,Filtro,Filtro de habitaculo,,CF5664,,AKX35262,,,
Motor,Filtro,Filtro de habitaculo,,CF5664,,AKX35262,,,
Motor,Filtro,Filtro de habitaculo,,CF5817,,AKX35174,CU3554,LA77,WP6820
Motor,Filtro,Filtro de habitaculo,,CF5818,,AKX3570,CU3138,LA35,
Motor,Filtro,Filtro de habitaculo,,CF5819,,AKX1014,CU2951,LA56,
Motor,Filtro,Filtro de habitaculo,,CF5823,,AKX35141,CU3942,LA34,
Motor,Filtro,Filtro de habitaculo,,CF5841,,AKX3597,CU3136,,
Motor,Filtro,Filtro de habitaculo,,CF5842,,AKX35608,CU2897,LA37,WP6832
Motor,Filtro,Filtro de habitaculo,,CF5846,,AKX35154,CU3360,LA32/3,
Motor,Filtro,Filtro de habitaculo,,CF5848,,AKX35147,CU2525,LA23,WP6844
Motor,Filtro,Filtro de habitaculo,,CF5849,,AKX35151,,,
Motor,Filtro,Filtro de habitaculo,,CF5863,,AKX35110,CU4151,LA49,WP6818
Motor,Filtro,Filtro de habitaculo,,CF5863,,AKX35110,CU4151,LA49,WP6818
Motor,Filtro,Filtro de habitaculo,,CF5865,,AKX3599/C,,,
Motor,Filtro,Filtro de habitaculo,,CF5892,,AKX4007,CU2184,LA148,
Motor,Filtro,Filtro de habitaculo,,CF5942,,AKX35636,CU3192,LA46,
Motor,Filtro,Filtro de habitaculo,,CF5942,,AKX35636,CU3192,LA46,
Motor,Filtro,Filtro de habitaculo,,CF59722,,,CU2745/2,LA47S,
Motor,Filtro,Filtro de habitaculo,,CF8331,ACP203,AKX35128,CU3567,LA78,
Motor,Filtro,Filtro de habitaculo,,CF8726,,AKX1970-2,,,
Motor,Filtro,Filtro de habitaculo,,CF8750,,AKX1400,,,
Motor,Filtro,Filtro de habitaculo,,CF8799,,AKX35180,CU2435,LA60,WP6932
Motor,Filtro,Filtro de habitaculo,,CF8799,,AKX35180,CU2435,LA60,WP6932
Motor,Filtro,Filtro de habitaculo,,CF8838,,,CU2945,LA87,WP6928
Motor,Filtro,Filtro de habitaculo,,CF8867,,,CU2757,LA74,WP6918
Motor,Filtro,Filtro de habitaculo,,CF8868,ACP001,AKX35264F,CU3054/1,,WP6828
Motor,Filtro,Filtro de habitaculo,,CF8869,,,CUK2862,LAK63,WP6895
Motor,Filtro,Filtro de habitaculo,,CF8890,,AKX3548,CU4442,LA123,
Motor,Filtro,Filtro de habitaculo,,CF8913,,AKX1500,CU6724,LA102,
Motor,Filtro,Filtro de habitaculo,,CF8989,ACP100,AKX1372,,,
Motor,Filtro,Filtro de habitaculo,,CF9034,ACP101,AKX35322,,,
Motor,Filtro,Filtro de habitaculo,,CF9051,,AKX3569/C,CU3858,LA83,WP6984
Motor,Filtro,Filtro de habitaculo,,CF9070,ACP600,AKX3569,,,
Motor,Filtro,Filtro de habitaculo,,CF9071,,AKX35157/C,CU3448,LA57,WP6926
Motor,Filtro,Filtro de habitaculo,,CF9084,ACP305,AKX35279,CU3162,LA591,
Motor,Filtro,Filtro de habitaculo,,CF9293,,AKX1210,CU2240,LA134,WP6938
Motor,Filtro,Filtro de habitaculo,,CF9293,,AKX1210,CU2240,LA134,WP6938
Motor,Filtro,Filtro de habitaculo,,CF9294,,AKX1430,CU2245,LA184,WP9142
Motor,Filtro,Filtro de habitaculo,,CF9323,ACP303,AKX35163,CU2545/1,LA120,WP9036
Motor,Filtro,Filtro de habitaculo,,CF9364,,AKX1200,CU2149,LA136,
Motor,Filtro,Filtro de habitaculo,,CF9383,,AKX3576,CU3759,LA121,
Motor,Filtro,Filtro de habitaculo,,CF9396,,AKX1830/C,CU2855,LA54,
Motor,Filtro,Filtro de habitaculo,,CF9398,ACP903,AKX1446,CU2940,LA138,WP9112
Motor,Filtro,Filtro de habitaculo,,CF9406,,AKX35164/C,,,
Motor,Filtro,Filtro de habitaculo,,CF9406,,AKX35164/C,,,
Motor,Filtro,Filtro de habitaculo,,CF9408,,AKX35293/C,,,
Motor,Filtro,Filtro de habitaculo,,CF9414,,AKX35103,CU2672,LA44,24779
Motor,Filtro,Filtro de habitaculo,,CF9442,,AKX1393,CU2316,LA175,WP9174
Motor,Filtro,Filtro de habitaculo,,CF9466,ACP009,AKX1962,CU1828,LA109,WP9192
Motor,Filtro,Filtro de habitaculo,,CF9485,,,CU3649,LA118,
Motor,Filtro,Filtro de habitaculo,,CF9495,ACP005,AKX35159,CU3337,LA117,WP9034
Motor,Filtro,Filtro de habitaculo,,CF9495,ACP005,AKX35159,CU3337,LA117,WP9034
Motor,Filtro,Filtro de habitaculo,,CF9579,,AKX1037,CU1738,LA65,WP6874
Motor,Filtro,Filtro de habitaculo,,CF9645,,AKX1110,CU3037,LA93,
Motor,Filtro,Filtro de habitaculo,,CF9655,ASR889,AKX4002,CU1722,LA432,
Motor,Filtro,Filtro de habitaculo,,CF9686,,AKX1960,CU2035,LA395,24873
Motor,Filtro,Filtro de habitaculo,,CF9691,,AKX1397,,,
Motor,Filtro,Filtro de habitaculo,,CF9787,,AKX1600/C,CU2559,LA220,
Motor,Filtro,Filtro de habitaculo,,CF9788,ACP966,AKX4526,CU4594,LA170,
Motor,Filtro,Filtro de habitaculo,,CF98192,ACP703/9,AKX35181-2,CU23272,LA122S,
Motor,Filtro,Filtro de habitaculo,,CF9878,ACP202,AKX35346F,,,
Motor,Filtro,Filtro de habitaculo,,CF9881,ACP307,AKX1140,CU2842,LA182,WP9166
Motor,Filtro,Filtro de habitaculo,,CF9882,,AKX1955,,LA371,
Motor,Filtro,Filtro de habitaculo,,CF9882,,AKX1955,,LA371,
Motor,Filtro,Filtro de habitaculo,,CF9905,,AKX35160,CU3461,LA129,
Motor,Filtro,Filtro de habitaculo,,CFA10055,,AKX3575/C,CU4054,LAK252,
Motor,Filtro,Filtro de habitaculo,,CFA101032,,,CUK3139,LAK197,
Motor,Filtro,Filtro de habitaculo,,CFA10206,,AKX1540/C,CU8430,LAK248,
Motor,Filtro,Filtro de habitaculo,,CFA10365,,AKX1377/C,,LAK373,
Motor,Filtro,Filtro de habitaculo,,CFA10366,,AKX1411,,LAK412,
Motor,Filtro,Filtro de habitaculo,,CFA10411,,,,,
Motor,Filtro,Filtro de habitaculo,,CFA10436,,AKX3565/C,CUK3569,LAK307,
Motor,Filtro,Filtro de habitaculo,,CFA10458,,AKX1113/C,FP2450,LAK386,
Motor,Filtro,Filtro de habitaculo,,CFA10528,,AKX1395/C,,,
Motor,Filtro,Filtro de habitaculo,,CFA10529,,AKX1450/C,CUK2742,LAK437,
Motor,Filtro,Filtro de habitaculo,,CFA10584,,AKC1600/C,CU2559,LAK220,
Motor,Filtro,Filtro de habitaculo,,CFA10775,,,CU2442,LAK472,WP9356
Motor,Filtro,Filtro de habitaculo,,CFA10830,,AKX1422/C,CU5366,LAK62,
Motor,Filtro,Filtro de habitaculo,,CFA10893,,,,,
Motor,Filtro,Filtro de habitaculo,,CFA10934,,,CUK29005,LAK413,
Motor,Filtro,Filtro de habitaculo,,CFA11285,,,CUK2743,LAK814,
Motor,Filtro,Filtro de habitaculo,,CFA11463,,,,LAK636,
Motor,Filtro,Filtro de habitaculo,,CFA11472,,,CUK25001,LAK812,WP2081
Motor,Filtro,Filtro de habitaculo,,CFA11486,,AKX1100/C,CUK2939,LAK181,
Motor,Filtro,Filtro de habitaculo,,CFA11643,,AKX35281/C,CUK26009,LAK888,WP2089
Motor,Filtro,Filtro de habitaculo,,CFA11662,,AKX2108/C,,,
Motor,Filtro,Filtro de habitaculo,,CFA11686,,,,,
Motor,Filtro,Filtro de habitaculo,,CFA11739,,AKX3539,,,
Motor,Filtro,Filtro de habitaculo,,CFA11961,,AKX3549/CF,CUK2544,LAK411,
Motor,Filtro,Filtro de habitaculo,,CFA8103,,AKX3517,CU2835,LA80,
Motor,Filtro,Filtro de habitaculo,,CFA8838,,,,LAK87,
Motor,Filtro,Filtro de habitaculo,,CFA8869,,AKX35634,CUK2862,LAK63,WP6895
Motor,Filtro,Filtro de habitaculo,,CFA8882,,AKX3543,CU3955,LAK45,WP6808
Motor,Filtro,Filtro de habitaculo,,CFA89122,,AKX1465/C2,,LAK73S,
Motor,Filtro,Filtro de habitaculo,,CFA9495,,AKX35159/C,CU3337,LAK117,WP9034
Motor,Filtro,Filtro de habitaculo,,CFA9533,,AKX35711/C,CUK2422,LAK142,
Motor,Filtro,Filtro de habitaculo,,CFA9534,,AKX1433/C,CUK5257,LAK25,
Motor,Filtro,Filtro de habitaculo,,CFA9562,,,,LAK127,
Motor,Filtro,Filtro de habitaculo,,CFA9562,,,,,
Motor,Filtro,Filtro de habitaculo,,CFA9587,,AKX1446/C,CUK2940,LAK138,
Motor,Filtro,Filtro de habitaculo,,CFA9691,,AKX1398/C,,,
Motor,Filtro,Filtro de habitaculo,,CFA9881,,AKX1140/C,CUK2842,LAK182,
Motor,Filtro,Filtro de habitaculo,,CFA9920,,AKX1448/C,,LAK232,
Motor,Filtro,Filtro de habitaculo,,CFA9921,,AKX1100/C,CUK2939,LAK181,
Motor,Filtro,Filtro de habitaculo,,PC8114,ACP973,AKX4005,CU4466,LA198,
Motor,Filtro,Filtro de habitaculo,,PC8118,ACP973,AKX4005,CU5877,LA85,
Motor,Filtro,Filtro de habitaculo,,PC8121,,AKX4002,CU1722,LA432,
Motor,Filtro,Filtro de habitaculo,,PC8138,ACP966,AKX4526,CU4594,LA170,
Motor,Filtro,Filtro de habitaculo,,PC8140,,AKX4004,CU4469,LA358,
Motor,Filtro,Filtro de habitaculo,,PC8230,,,CU3540,LA229,
Motor,Filtro,Filtro de habitaculo,,PC8289,ACP309,AKX4528,CU37001,LA502,93513E
Motor,Filtro,Filtro de aceite,,CH10047,,WOE911,HU712/7X,OX418D,WL7429
Motor,Filtro,Filtro de aceite,,CH10054,,WOE308,HU612/1X,OX382D,
Motor,Filtro,Filtro de aceite,,CH10075,,WOE221,HU816X,OX387D,WL7423
Motor,Filtro,Filtro de aceite,,CH10090,PEL310,WOE130,HU932/8X,OX169D,WL54260
Motor,Filtro,Filtro de aceite,,CH10160,,WOE612,HU7029Z,OX381D,
Motor,Filtro,Filtro de aceite,,CH10197,,,HU831X,OX196/1D,
Motor,Filtro,Filtro de aceite,,CH10246,PEL113,WOE313,HU612/2X,OX401,WL7422
Motor,Filtro,Filtro de aceite,,CH10246,PEL113,WOE313,HU612/2X,OX401,WL7422
Motor,Filtro,Filtro de aceite,,CH10323,,,HU821X,OX380D,WL7416
Motor,Filtro,Filtro de aceite,,CH10358,PEL803,WOE803,HU6006Z,OX416D1,WL10463A
Motor,Filtro,Filtro de aceite,,CH10358,PEL803,WOE803,HU6006Z,OX416D1,WL10463A
Motor,Filtro,Filtro de aceite,,CH10532,,WOE309,HU719/3X,OX355/3D,WL7458
Motor,Filtro,Filtro de aceite,,CH10623,,,HU712/11X,OX553D,WL7464
Motor,Filtro,Filtro de aceite,,CH10636,,,HU8001X,OX196/3D,
Motor,Filtro,Filtro de aceite,,CH10660,,WOE612,HU7215X,OX361/4D,WL7474
Motor,Filtro,Filtro de aceite,,CH10670,,,HU7001X,OX351D,
Motor,Filtro,Filtro de aceite,,CH10759,PEL677,WOE680,HU7008Z,OX388D,WL7476
Motor,Filtro,Filtro de aceite,,CH10759,PEL677,WOE680,HU7008Z,OX388D,WL7476
Motor,Filtro,Filtro de aceite,,CH10759,PEL677,WOE680,HU7008Z,OX388D,WL7476
Motor,Filtro,Filtro de aceite,,CH10857,,,,OX972D,51370
Motor,Filtro,Filtro de aceite,,CH10955,,WOE623,HU6009Z,,
Motor,Filtro,Filtro de aceite,,CH11060,,WOE454,HU7025Z,OX814D,
Motor,Filtro,Filtro de aceite,,CH11079,,WOE660,HU7005X,OX350/4D,57330
Motor,Filtro,Filtro de aceite,,CH11120,PEL727,WOE626,HU8006Z,OX779D,WL7479
Motor,Filtro,Filtro de aceite,,CH11208,PEL675,WOE505,HU618X,OX441D,WL7424
Motor,Filtro,Filtro de aceite,,CH11208,PEL675,WOE505,HU618X,OX441D,WL7424
Motor,Filtro,Filtro de aceite,,CH11217,,WOE216,HU6004X,OX404D,
Motor,Filtro,Filtro de aceite,,CH11217,,WOE216,HU6004X,OX404D,
Motor,Filtro,Filtro de aceite,,CH11276,,WOE917,HU7027Z,OX377D,
Motor,Filtro,Filtro de aceite,,CH11277,,,HU7010Z,OX153/7D2,WL7470
Motor,Filtro,Filtro de aceite,,CH11299,,WOE315,HU7030Z,OX1012D,
Motor,Filtro,Filtro de aceite,,CH11461,,WOE231,HU7003X,OX825D,WL7502
Motor,Filtro,Filtro de aceite,,CH11473,,WOE458,HU711/6Z,OX982D,WL7515
Motor,Filtro,Filtro de aceite,,CH11475,PEL677,WOE455,HU7010Z,OX153/7D,WL7470
Motor,Filtro,Filtro de aceite,,CH11498,,,HU6013Z,OX1217,WL7507
Motor,Filtro,Filtro de aceite,,CH11665,PEL219,WOE652,,,
Motor,Filtro,Filtro de aceite,,CH11673,PEL309,WOE131,HU7002Z,OX1032/D,WL7508
Motor,Filtro,Filtro de aceite,,CH11724,PEL726,WOE314,HU6017Z,OX1016D,WL10121
Motor,Filtro,Filtro de aceite,,CH11724,PEL726,WOE314,HU6017Z,OX1016D,WL10121
Motor,Filtro,Filtro de aceite,,CH11784,PEL680,WOE624,HU6013Z,OX1217D,WL7507
Motor,Filtro,Filtro de aceite,,CH11913,,WOE237,HU6014/1Z,OX813/2D,
Motor,Filtro,Filtro de aceite,,CH12176,,WOE681,HU7012Z,OX1076D,WL7535
Motor,Filtro,Filtro de aceite,,CH12246,PEL2006,WOE313,,OX1245D,
Motor,Filtro,Filtro de aceite,,CH12454,,,HU6012Z,OX1238D,
Motor,Filtro,Filtro de aceite,,CH12519,PEL415,WOE820,HU12007X,,
Motor,Filtro,Filtro de aceite,,CH2801,PL364,,H932/4X,OX150D,WL51109
Motor,Filtro,Filtro de aceite,,CH2927A,PEL519,WEO0005,H12111X,OX197D,WL51727
Motor,Filtro,Filtro de aceite,,CH2930,PL180,WO601,,OX78D,
Motor,Filtro,Filtro de aceite,,CH2962,PL447,WEO0001,H12110/2X,OX69D,WL54010
Motor,Filtro,Filtro de aceite,,CH2963,PEL449,WEO0008,H1275X,OX71D,WL57409
Motor,Filtro,Filtro de aceite,,CH2989,PL345,,H1164,OX75D,
Motor,Filtro,Filtro de aceite,,CH33PL,,WEO0002,H12105X,OX5D,
Motor,Filtro,Filtro de aceite,,CH4536,,JFO0997/1,PF1050/1N,OX38D,51289E
Motor,Filtro,Filtro de aceite,,CH4536,,JFO0997/1,PF1050/1N,OX38D,51289E
Motor,Filtro,Filtro de aceite,,CH4747,,WEO510,H614X,OX33D,
Motor,Filtro,Filtro de aceite,,CH5151,,WEO0523,HU921X,OX91D,WL7042
Motor,Filtro,Filtro de aceite,,CH5262,PL366,WEO0004,H947/1,OX137D,
Motor,Filtro,Filtro de aceite,,CH5320,,WEO0522,HU926/3X,OX68D,
Motor,Filtro,Filtro de aceite,,CH5640,,WOE400,HU951X,OX123/1D,WL7061
Motor,Filtro,Filtro de aceite,,CH5644,,WEO522/2,HU924/2X,OX151D,
Motor,Filtro,Filtro de aceite,,CH5933,PEL2001,WOE420,HU12140X,OX168D,92041E
Motor,Filtro,Filtro de aceite,,CH5979,,WOE210,HU848/1X,OX126D,WL7256
Motor,Filtro,Filtro de aceite,,CH5993,PEL311,WOE300,HU718/1N,OX153D,WL7228
Motor,Filtro,Filtro de aceite,,CH6PL,,WEO0011,H1039/2X,,
Motor,Filtro,Filtro de aceite,,CH6005,,JFO0018,MH67,OX803,
Motor,Filtro,Filtro de aceite,,CH6012,,,,OX61D,
Motor,Filtro,Filtro de aceite,,CH6015,,JFO0014,,OX410D,
Motor,Filtro,Filtro de aceite,,CH6070,,JFO0013,,,
Motor,Filtro,Filtro de aceite,,CH6097,,,,,
Motor,Filtro,Filtro de aceite,,CH6099,,,,,
Motor,Filtro,Filtro de aceite,,CH6848,PEL163,WOE430,HU727/1X,OX133D,
Motor,Filtro,Filtro de aceite,,CH803APL,PH346,WEO0512,H601/10,HX15,WL10145
Motor,Filtro,Filtro de aceite,,CH8081,,WOE220,HU9254X,OX154/1D,
Motor,Filtro,Filtro de aceite,,CH8087,,WOE230,HU7154X,OX127/1D,
Motor,Filtro,Filtro de aceite,,CH8158,,WOE620,HU932/6N,OX160D,
Motor,Filtro,Filtro de aceite,,CH8213,,WOE240,,OX152/1D,
Motor,Filtro,Filtro de aceite,,CH8278,,WOE631,HU7195X,OX128/1D,
Motor,Filtro,Filtro de aceite,,CH834PL,,WEO515/1,H1038X,OX15D,
Motor,Filtro,Filtro de aceite,,CH8481,,WOE908,,OX153D4,
Motor,Filtro,Filtro de aceite,,CH850PL,,WEO003,H943/2,OX31D,
Motor,Filtro,Filtro de aceite,,CH8530,PEL681,WOE610,HU726/2X,OX143D,WL7008
Motor,Filtro,Filtro de aceite,,CH8712,PEL162,WOE800,HU819X,OX149D,
Motor,Filtro,Filtro de aceite,,CH8751,PEL2003,WOE440,HU9315X,OX161D,WL57214
Motor,Filtro,Filtro de aceite,,CH8776,PEL109,WOE410,HU610X,OX135/1D,WL7227
Motor,Filtro,Filtro de aceite,,CH8871,,WOE400,HU951X,OX123/1D,WL7061
Motor,Filtro,Filtro de aceite,,CH8902,,WOE300/4,HU718/5X,OX153/7D,WL7009
Motor,Filtro,Filtro de aceite,,CH8980,,WOE600,HU842X,OX164D,WL7226
Motor,Filtro,Filtro de aceite,,CH9011,,WOE300/3,HU718/1Z,OX153D2,WL7236
Motor,Filtro,Filtro de aceite,,CH9018,PEL113,WOE312,HU6007X,OX258D,WL7295
Motor,Filtro,Filtro de aceite,,CH9023,,WOE100,HU920X,OX191D,WL7286
Motor,Filtro,Filtro de aceite,,CH9301,PEL311,WOE300/1,HU718/1K,OX153D3,WL7240
Motor,Filtro,Filtro de aceite,,CH9305,,WOE310,HU820X,OX163/4D,WL7294
Motor,Filtro,Filtro de aceite,,CH9305,,WOE310,HU820X,OX163/4D,WL7294
Motor,Filtro,Filtro de aceite,,CH9348,,WOE212,HU818X,OX156D1,
Motor,Filtro,Filtro de aceite,,CH9382,,WOE121,HU711X,OX203D,
Motor,Filtro,Filtro de aceite,,CH9389,PEL2002,WOE450,HU945/2X,OX174D,WL57215
Motor,Filtro,Filtro de aceite,,CH9389,PEL2002,WOE450,HU945/2X,OX174D,WL57215
Motor,Filtro,Filtro de aceite,,CH9443,PEL110,WOE700,HU612X,OX193D,WL7299
Motor,Filtro,Filtro de aceite,,CH9443,PEL2002,WOE700,HU612X,OX193D,WL7299
Motor,Filtro,Filtro de aceite,,CH946PL,,,,,
Motor,Filtro,Filtro de aceite,,CH9461,PEL111,WOE630,HU7197X,OX188D,WL7296
Motor,Filtro,Filtro de aceite,,CH9462,,WOE510,HU923X,OX210D,WL7306
Motor,Filtro,Filtro de aceite,,CH9528,,WOE612,HU722X,OX368D1,WL7303
Motor,Filtro,Filtro de aceite,,CH9547,,WOE211,HU8152X,OX166/1D,WL7403
Motor,Filtro,Filtro de aceite,,CH9549,,WOE830,,,
Motor,Filtro,Filtro de aceite,,CH9558,PEL2004,WOE451,HU12110X,OX348D,WL57213
Motor,Filtro,Filtro de aceite,,CH9580,PEL705,WOE500,HU611X,OX209D,WL7293
Motor,Filtro,Filtro de aceite,,CH9584,,WOE912,HU816/2X,OX175D,WL7300
Motor,Filtro,Filtro de aceite,,CH9657,,WOE110,HU716/2X,OX171/2D,WL7305
Motor,Filtro,Filtro de aceite,,CH9657,,WOE110,HU716/2X,OX171/2D,WL7305
Motor,Filtro,Filtro de aceite,,CH9685,,WOE900,HU718X,OX348D,WL7412
Motor,Filtro,Filtro de aceite,,CH9690,,WOE691,,,
Motor,Filtro,Filtro de aceite,,CH9713,,WOE909,HU713/1X,OX371,WL7408
Motor,Filtro,Filtro de aceite,,CH9911,PEL313,WOE640,HU719/6X,OX379D,WL7504
Motor,Filtro,Filtro de aceite,,CH9911,PEL313,WOE640,HU719/6X,OX379D,WL7504
Motor,Filtro,Filtro de aceite,,CH9918,PEL719,WOE460,HU514X,OX183/5D1,
Motor,Filtro,Filtro de aceite,,CH9954,PEL676,WOE810,HU7198X,OX370D,WL7320
Motor,Filtro,Filtro de aceite,,CH9954,PEL676,WOE810,HU719/8X,OX370D,WL7320
Motor,Filtro,Filtro de aceite,,CH9955,,WOE214,HU715/5X,OX367D,57171
Motor,Filtro,Filtro de aceite,,CH9972,PEL807,WOE804,HU7019Z,OX414D2,
Motor,Filtro,Filtro de aceite,1109CL,CH9973,PEL108,WOE710P,HU71151X,OX339/2D,WL7413
Motor,Filtro,Filtro de aceite,1109CL,CH9973,PEL108,WOE710P,HU711/51X,OX339/2D,WL7413
Motor,Filtro,Filtro de aceite,,CH9994,,WOE213,HU721/4X,OX177/3D,
Motor,Filtro,Filtro de aceite,,CH9999,,WOE903,,,
Motor,Filtro,Filtro de aceite,,FA5377,,,HU947/2X,OX1024D,92023E
Motor,Filtro,Filtro de aceite,,FA5393,,,H929/3,HX80,
Motor,Filtro,Filtro de aceite,,FA5559,,,HU12140X,OX168D,92041E
Motor,Filtro,Filtro de aceite,,FA5635,,,HU1072X,OX1023D,92096E
Motor,Filtro,Filtro de aceite,,FA5639,,,HU721x,HX77,92122E
Motor,Filtro,Filtro de aceite,,FA5819,,,PU1059X,KX191/1D,95042E
Motor,Filtro,Filtro de aceite,,FA5834,,,H7101N,HX40,
Motor,Filtro,Filtro de aceite,,FA5888,,,H824/2X,HX90D,
Motor,Filtro,Filtro de aceite,,FA5930,,,PFU19326X,,
Motor,Filtro,Filtro de aceite,,FA5997,,,HU1390X,OX426D,
Motor,Filtro,Filtro de aceite,,FA5998,,,HU1077/2Z,OX562D,
Motor,Filtro,Filtro de aceite,,FA5999,,,PU1058X,KX230D,95140E
Motor,Filtro,Filtro de aceite,,FA6145,,,HU11002X,OX1152D,WL10335
Motor,Filtro,Filtro de aceite,,FA7424,,,,,
Motor,Filtro,Filtro de Combustible,,FD1513,,,P982X,,
Motor,Filtro,Filtro de aire,,FL6918,,,C9004,,
Motor,Filtro,Filtro de aire,,FL9107,,,C911X2,SOX60/S,
Motor,Filtro,Filtro de aire,,FLI6869,,,C331600/2,LX626,
Motor,Filtro,Filtro de aire,,FLI6872,,,C33920/3,LX1255,
Motor,Filtro,Filtro de aire,,FLI6916,,,C291420/2,LX3290,42803
Motor,Filtro,Filtro de aire,,FLI6932,,,C301240,LX714,
Motor,Filtro,Filtro de aire,,FLI9013,,,CF1800,LXS224,
Motor,Filtro,Filtro de aire,,FLI9028,,,C311254,LX604/1,
Motor,Filtro,Filtro de aire,,FLI9041,,,C311345/1,LX1587,93151E
Motor,Filtro,Filtro de aire,,FLI9094,,,CF18202,LXS223,
Motor,Filtro,Filtro de aire,,FLI9105,,,C40006,LX814/1,93246E
Motor,Filtro,Filtro de aire,,FLI9112,,,C3217521,LX2081,
Motor,Filtro,Filtro de aire,,FLI9306,,,C311410,LX2068,93163E
Motor,Filtro,Filtro de aire,,FLI9316,,,C321900/2,,46492
Motor,Filtro,Filtro de aire,,FLI9325,,,C261100,LX2109,WA10445
Motor,Filtro,Filtro de aire,,FLI9326,,,C331460/1,LX3141,93372E
Motor,Filtro,Filtro de aire,,FLI9328,,,CF1570,,
Motor,Filtro,Filtro de aire,,FLI9329,,,C1140,LX3009,
Motor,Filtro,Filtro de Combustible,,G10146,,FCI1301,WK69/1,KL156/1,
Motor,Filtro,Filtro de Combustible,,G10147,,,WK69/2,KL156/3,WF8317
Motor,Filtro,Filtro de Combustible,,G10215,,FCI1290,WK720/4,KL571,
Motor,Filtro,Filtro de Combustible,,G10230,GI50/7,FCI1101C,WK6002,KL583,
Motor,Filtro,Filtro de Combustible,,G10230.,GI50/7,FCI1101C,WK6002,KL583,
Motor,Filtro,Filtro de Combustible,,G10243,Gl15,FCI1304,WK69,KL572,WF8386
Motor,Filtro,Filtro de Combustible,,G10819,,FCI1306,WK720/6,KL592,
Motor,Filtro,Filtro de Combustible,,G11954,,FCI1699,,,
Motor,Filtro,Filtro de Combustible,,G121,,FCC2160TC,,,
Motor,Filtro,Filtro de Combustible,,G12783,,FCI1661,WK58/6,,
Motor,Filtro,Filtro de Combustible,,G15,,FCC104,,,
Motor,Filtro,Filtro de Combustible,,G3727,,FCI1117,WK612/2,KL158,33481
Motor,Filtro,Filtro de Combustible,,G3736,,FCI1106A,WK830/3,KL19,33153
Motor,Filtro,Filtro de Combustible,,G3737,,FCI1110B,WK845,KL38,
Motor,Filtro,Filtro de Combustible,,G3744,,FCI1104A,WK853,KL30,33279
Motor,Filtro,Filtro de Combustible,,G3747,,FCI1107A,WK830/6X,KL204,
Motor,Filtro,Filtro de Combustible,,G3802A,Gl06/7,FCI1880,WK79,KL61,
Motor,Filtro,Filtro de Combustible,,G3829,GI01,FCI1105A,WK831,KL65,33594
Motor,Filtro,Filtro de Combustible,,G3829,GI01,FCI1105A,WK830/7,KL2,
Motor,Filtro,Filtro de Combustible,,G3850,Gl06/7,FCI1872,,,
Motor,Filtro,Filtro de Combustible,,G4164,,FCC200,WK31/2,KL13,
Motor,Filtro,Filtro de Combustible,,G4196,GU87,FCC404,,,
Motor,Filtro,Filtro de Combustible,,G4715,,FC109,WK42/5,,33275
Motor,Filtro,Filtro de Combustible,,G4777,,JFC111,WK66,KL171,
Motor,Filtro,Filtro de Combustible,,G5188,AG68,FCC225,WK48/3,KL222,
Motor,Filtro,Filtro de Combustible,,G5188,AG68,FCC225,WK48/3,KL222,
Motor,Filtro,Filtro de Combustible,,G5312,,FCI1111S,WK613/1,KL86,
Motor,Filtro,Filtro de Combustible,,G5355,AG68,FCI1887,WK718/1,KL774,WF10271
Motor,Filtro,Filtro de Combustible,,G5493,GI40,FCI1610,WK513,,WF10309
Motor,Filtro,Filtro de Combustible,,G5493,GI40,FCI1610,WK513,,WF10309
Motor,Filtro,Filtro de Combustible,,G5540,GI04/1,FCI1110S,WK512,KL84,WF8101
Motor,Filtro,Filtro de Combustible,,G5561,,FCI1907,WK6013,,
Motor,Filtro,Filtro de Combustible,,G5607,,FCI1906,WK618/1,KL95,
Motor,Filtro,Filtro de Combustible,,G5738,GI08,FCI1620,WK613/3,KL237,WF36010
Motor,Filtro,Filtro de Combustible,,G5738,GI08,FCI1620,WK613/3,KL237,WF36010
Motor,Filtro,Filtro de Combustible,,G5774,,FCI1732,WK516/1,KL66,33228
Motor,Filtro,Filtro de Combustible,,G5870,GI10,JFCF00,WK730/1,KL79,WF8041
Motor,Filtro,Filtro de Combustible,,G5980,GI06/1,FCI1650,WK712/4,KL224/1,WF33097
Motor,Filtro,Filtro de Combustible,,G5982,,JFC823,WK614/47,KL523,
Motor,Filtro,Filtro de Combustible,,G5995,GI04/7,FCI1660,WK58,KL582,WF10295
Motor,Filtro,Filtro de Combustible,,G5995,GI04/7,FCI1660,WK58,KL582,WF10295
Motor,Filtro,Filtro de Combustible,,G6507,,FCI1119,,,
Motor,Filtro,Filtro de Combustible,,G6573,,JFC514,,,
Motor,Filtro,Filtro de Combustible,,G6574,,FCI1731,WK516,KL35,
Motor,Filtro,Filtro de Combustible,,G6826,,JFC411,WK76/2,,
Motor,Filtro,Filtro de Combustible,,G6827,,JFC708,WK711,KL134,WF8104
Motor,Filtro,Filtro de Combustible,,G7099,,FCI1163,WK79,KL61,
Motor,Filtro,Filtro de Combustible,,G7399,,FCI1739,,,
Motor,Filtro,Filtro de Combustible,,G7612,,JFC235,WK614/36,KL140,33565
Motor,Filtro,Filtro de Combustible,,G7649,GI07/1,FCI1887,WK613/4,KL223,
Motor,Filtro,Filtro de Combustible,,G7729,GI41,FCI1600,WK510,KL238D,WF10307
Motor,Filtro,Filtro de Combustible,,G7729,GI41,FCI1600,WK510,KL238D,WF10307
Motor,Filtro,Filtro de Combustible,,G8018,,FCI1881,WK512/1,KL181,WF8194
Motor,Filtro,Filtro de Combustible,,G8078,,FCI1732,WK516/1,KL66,33228
Motor,Filtro,Filtro de Combustible,,G8160,,JFC594,,,
Motor,Filtro,Filtro de Combustible,,G9291,GI60/7,FCI1695,WK612/7,KL420,WF36220
Motor,Filtro,Filtro de Combustible,,G9412,GI81/1,FCI1697,WK512/1,KL465,WF8194
Motor,Filtro,Filtro de Combustible,,G9484,,FCI1163,WK730/5,KL409,
Motor,Filtro,Filtro de Combustible,,G9526,,FCI1948,WK720,KL82,
Motor,Filtro,Filtro de Combustible,,G9527,,FCI1947,WK711/1,KL87,
Motor,Filtro,Filtro de Combustible,,G9960,,JFC383,WK55/3,KL573,
Motor,Filtro,Filtro de Combustible,,P10089,,FCD2036,WK5001,KL579D,
Motor,Filtro,Filtro de Combustible,,P10195,,FCD2100,WK853/17,KL599,
Motor,Filtro,Filtro de Combustible,,P10196,,,WK842/21X,KL554D,
Motor,Filtro,Filtro de Combustible,,P10222,,FCD2074,WK857/1,KL229/4,WF8358
Motor,Filtro,Filtro de Combustible,,P10275,PSC76,FCD2238,WK954/1X,KC618,33697
Motor,Filtro,Filtro de Combustible,,P10275,PSC76,FCD2238,WK954/1X,KC618,33697
Motor,Filtro,Filtro de Combustible,,P10287,,FCD2073,WK823/3,KL497D,WF8380
Motor,Filtro,Filtro de Combustible,,P10292,,FCD2159,WK9008,KL404/16,WF8390
Motor,Filtro,Filtro de Combustible,,P10357,,,WK9023Z,KL388D,WF8409
Motor,Filtro,Filtro de Combustible,,P10441,,,WK522,KL232,
Motor,Filtro,Filtro de Combustible,,P10503,PSC353,FCD2054,WK962/13,KC492,WF10256
Motor,Filtro,Filtro de Combustible,,P10503,PSC353,FCD2054,WK962/13,KC492,WF10256
Motor,Filtro,Filtro de Combustible,,P10508,,FCD2166,WK521/3,KL477,
Motor,Filtro,Filtro de Combustible,,P10688,PSC498/4,FCD2066/1,WK940/35,KL747,WF10298
Motor,Filtro,Filtro de Combustible,,P10689,,FCD2061,WK846,KL425,WF10281
Motor,Filtro,Filtro de Combustible,,P10689,,FCD2061,WK846,KL425,WF10281
Motor,Filtro,Filtro de Combustible,,P10695,FCI1274,FCD0919,WK9016,KL874,WF8465
Motor,Filtro,Filtro de Combustible,,P10852A,,FCD2063/4,WK8039,KL781,
Motor,Filtro,Filtro de Combustible,,P1103A,,,WK950/16,KC192,
Motor,Filtro,Filtro de Combustible,,P11039,,FCD2036,WK5001,KL169/4D,
Motor,Filtro,Filtro de Combustible,,P1104,PSC744,FCD2040,WK950/3,KC28,WF33367
Motor,Filtro,Filtro de Combustible,,P11194,,FCD2034,WK9046,KL780,
Motor,Filtro,Filtro de Combustible,,P11291,,,WH10004,,57220
Motor,Filtro,Filtro de Combustible,,P1131,,FCD2299,,,
Motor,Filtro,Filtro de Combustible,,P1146G,,FCD2231,WK962/11,,33118
Motor,Filtro,Filtro de Combustible,,P1146,,FCD2231,WK962/11,,33118
Motor,Filtro,Filtro de Combustible,,P1147A,,,,,
Motor,Filtro,Filtro de Combustible,,P11573,,FCD0917,WK939/5,KL432,
Motor,Filtro,Filtro de Combustible,,P12462,,FCD0923,WK10046Z,,
Motor,Filtro,Filtro de Combustible,,P1653A,PSH654,WOH100,WD940/2,HC6,51261
Motor,Filtro,Filtro de Combustible,,P2808,,,WP931,,WL7065
Motor,Filtro,Filtro de Combustible,,P3376,,,WK11102/5,KC222,
Motor,Filtro,Filtro de Combustible,,P3401,PSC410,FCD2041,WK940/7,KC191,WF33353
Motor,Filtro,Filtro de Combustible,,P3522,PSC496,FCD2058,WK842/2,KC18,WF8042
Motor,Filtro,Filtro de Combustible,,P3528A,,FCD2050,WP962/3X,KC28,
Motor,Filtro,Filtro de Combustible,,P3555A,PSL277,WO720,WP11102/3,OC282,51660
Motor,Filtro,Filtro de Combustible,,P3627,PSC619/1,JFC207,WK815/80,KC5,WF33386
Motor,Filtro,Filtro de Combustible,,P3726,,JFC303,WK920/3,KC59,WF8110
Motor,Filtro,Filtro de Combustible,,P3828,PSL322,JFO0306,W1114/80,,51839
Motor,Filtro,Filtro de Combustible,,P4105,PSC100,FCD2170,WK1162,KC4,WF10264
Motor,Filtro,Filtro de Combustible,,P4159,PSC401,FCD2162,WK716,KC22,
Motor,Filtro,Filtro de Combustible,,P4171,,,,,
Motor,Filtro,Filtro de Combustible,,P4178,,JFC207,WK815/80,KC5,WF33386
Motor,Filtro,Filtro de Combustible,,P4182,PSC72/2,FCD2045B,WK723,KC24,WF33358
Motor,Filtro,Filtro de Combustible,,P4183,PSC496,FCD2058,WK842/2,KC18,WF8042
Motor,Filtro,Filtro de Combustible,,P4549A,,FCD2069,WK817/3X,KC63/1D,
Motor,Filtro,Filtro de Combustible,,P4836,,FCD2066/2,WK842/3,KL41,WF8043
Motor,Filtro,Filtro de Combustible,,P5162,,JFC197,,KC239D,
Motor,Filtro,Filtro de Combustible,,P5163,,JFC119,WK932/80,,
Motor,Filtro,Filtro de Combustible,,P5328,PSC4981,FCD2067,WK842/4,KL75,WF8045
Motor,Filtro,Filtro de Combustible,,P5328,PSC4981,FCD2067,WK842/4,KL75,WF8045
Motor,Filtro,Filtro de Combustible,,P5457,PSC73/1,FCD2046,WK724,KC6,33373
Motor,Filtro,Filtro de Combustible,,P5537,PSC496,FCD2058,WK736,,
Motor,Filtro,Filtro de Combustible,,P5652,,FCD2110,WK845/1,KC69,
Motor,Filtro,Filtro de Combustible,,P5661,,FCD2065,WK845/3,KL99,
Motor,Filtro,Filtro de Combustible,,P5694,PSC79,FCD2051,WK9627,KC75,33690E
Motor,Filtro,Filtro de Combustible,,P5797,PSC84,FCD2205,WK940/12,KC94,WF33954
Motor,Filtro,Filtro de Combustible,,P6446,,,,,
Motor,Filtro,Filtro de Combustible,,P6871,PSH025,WOH201,WH980/3,,51495
Motor,Filtro,Filtro de Combustible,,P6881,,WOH210,WH945/2,,51455
Motor,Filtro,Filtro de Combustible,,P6882,PSH693,WOH204,WH945/2,,
Motor,Filtro,Filtro de Combustible,,P6885,,,WH980/7,,
Motor,Filtro,Filtro de Combustible,,P6893,PSH242,WOH705,WH9803,,51486
Motor,Filtro,Filtro de Combustible,,P7027,PSH377,WOH708,WD962/9,,
Motor,Filtro,Filtro de Combustible,,P7252,,,WD13003X,,51746
Motor,Filtro,Filtro de Combustible,,P7253,,,,,
Motor,Filtro,Filtro de Combustible,,P7513,,FCD2039,WK940/5,KC8,
Motor,Filtro,Filtro de Combustible,,P7540,,,WH1257/2,,51730
Motor,Filtro,Filtro de Combustible,,P7566,,,,,
Motor,Filtro,Filtro de Combustible,,P7678A,,,,,
Motor,Filtro,Filtro de Combustible,,P8043,PSC496,FCD2058B,WK842/2,KC18,WF8042
Motor,Filtro,Filtro de Combustible,,P8264,PSC745,FCD2208,WK950/13,KC28,33340
Motor,Filtro,Filtro de Combustible,,P8576,,,WH10005,,57404
Motor,Filtro,Filtro de Combustible,,P8935,,FCD2063,WK853/7,KL173,WF8197
Motor,Filtro,Filtro de Combustible,,P8943,PSC492,FCD2219,WDK962/16,KC217,95014E
Motor,Filtro,Filtro de Combustible,,P9407,PSL419,WO750,WP11102/3,OC282,51660
Motor,Filtro,Filtro de Combustible,,P9421,PSC404,FCD2224,WK1149,KC171,95028E
Motor,Filtro,Filtro de Combustible,,P9422,PSC82,FCD2042,WK9045,KC184,
Motor,Filtro,Filtro de Combustible,,P9436,PSC883,FCD2158/1,WK842/13,KL100/2,
Motor,Filtro,Filtro de Combustible,,P9450,,FCD2222,WK940/20,KC197,95046E
Motor,Filtro,Filtro de Combustible,,P9452,,FCD2063/2,WK853/13,KL230,WF8252
Motor,Filtro,Filtro de Combustible,,P9454,PSC75,FCD2098,WK950/21,KC188,95041E
Motor,Filtro,Filtro de Combustible,,P9454,PSC75,FCD2098,WK950/21,KC18,95041E
Motor,Filtro,Filtro de Combustible,,P9486,,,,KC238D,
Motor,Filtro,Filtro de Combustible,,P9554,,FCD2080,WK841/1,KL160/1,
Motor,Filtro,Filtro de Combustible,,P9626,,,WDK11102/28,KC251,33721
Motor,Filtro,Filtro de Combustible,,P9635,,,WK820/1,KC313,
Motor,Filtro,Filtro de Combustible,,P967,,,WP713,,
Motor,Filtro,Filtro de Combustible,,P9677,,FCD2166,WK521/2,KL478,
Motor,Filtro,Filtro de Combustible,,P9811,,FCD0915,WK9015X,KL777D,
Motor,Filtro,Filtro de Combustible,,P9903,,FCD2062,WK853/15,KL761,WF10282
Motor,Filtro,Filtro de Combustible,,P9947,,FCD0916,WK9392Z,KL431D,WF8360
Motor,Filtro,Filtro de Combustible,,P11047,,FCD2035,WK9034,KL788,WF8460
Motor,Filtro,Filtro de frenos,,PFA5693,DSF0202,DAF100,TB1374X,AL12,93118E
Motor,Filtro,Filtro de Combustible,,PCS11043,,FCD2171,WK8202X,KL723D,
Motor,Filtro,Filtro de aceite,,HPH6349A,PSL300,WO710,WP12300,OC304,WL51748
Motor,Filtro,Filtro de aceite,,HPH6349A,PSL300,WO710,WP12300,OC304,WL51748
Motor,Filtro,Filtro de aceite,,HP1,,,,,
Motor,Filtro,Filtro de aceite,,HP4,,,,,
Motor,Filtro,Filtro de aceite,,HPH9500,PSL909,WO711,WP12121,OC1176,51748XD
Motor,Filtro,Filtro de aceite,,PH12482,,WO412,,OK8,
Motor,Filtro,Filtro de aceite,,PH10044,,WO156,W7008,AL12,WL7459
Motor,Filtro,Filtro de aceite,,PH10060,PSL615,WO133,W7056,OC614,WL7530
Motor,Filtro,Filtro de aceite,,PH10060,PSL615,WO133,W7056,OC614,WL7530
Motor,Filtro,Filtro de aceite,,PH10127,,JFO0K06,W933/4,OC540,WL10678A
Motor,Filtro,Filtro de aceite,,PH10220,PSL598,WO761,W1022,,
Motor,Filtro,Filtro de aceite,,PH10267,PSL655,WO331,W940/69,OC613,WL7445
Motor,Filtro,Filtro de aceite,,PH10268,PSL657,WO421,W914/28,OC570,WL7443
Motor,Filtro,Filtro de aceite,,PH10575,PSL542,,,,
Motor,Filtro,Filtro de aceite,,PH10600,PSL557,WO592,W719/45,OC456,WL10487
Motor,Filtro,Filtro de aceite,,PH10757,PSL556,WO342,W712/93,OC593/3,
Motor,Filtro,Filtro de aceite,,PH11275,PSL134,JFO0197,W67/1,OC1566,WL7217
Motor,Filtro,Filtro de aceite,,PH11440,,WO215,W7032,OC4,WL7513
Motor,Filtro,Filtro de aceite,,PH11447,PSL915,JFO0209,W6020,OC215,WL10470A
Motor,Filtro,Filtro de aceite,,PH11462,,WO137,,,
Motor,Filtro,Filtro de aceite,,PH12005,,WO155,W7050,,
Motor,Filtro,Filtro de aceite,,PH12060,PSL612,WO139,W7056,OC1421,WL7530
Motor,Filtro,Filtro de aceite,,PH13,PSL959,WO510,W936/5,OC114,51060
Motor,Filtro,Filtro de aceite,,PH2,PSL261,WO261,W920/45,OC288,51372
Motor,Filtro,Filtro de aceite,,PH20,PSL190,WO660,W936/4,OC103,51243
Motor,Filtro,Filtro de aceite,,PH2801B,PSL962,WO480,W962,OC32,51820E
Motor,Filtro,Filtro de aceite,,PH2811,PSL171,WO671,W920/7,OC83,WL7135
Motor,Filtro,Filtro de aceite,,PH2821,PSL900,WO280,W940/1,OC534,WL10455A
Motor,Filtro,Filtro de aceite,,PH2821C,,,W940/81,OC324,WL10455A
Motor,Filtro,Filtro de aceite,,PH2824,PSL310,,W8005,OC308,51411E
Motor,Filtro,Filtro de aceite,,PH2825,PSL561,JFO0111,W818/82,OC109/1,
Motor,Filtro,Filtro de aceite,,PH2830,PSL793,WO430,W910/1,OC11,
Motor,Filtro,Filtro de aceite,,PH2842,PSL123,WO470,W940/18,OC54,WL51768
Motor,Filtro,Filtro de aceite,,PH2843/1,,,W1126,,
Motor,Filtro,Filtro de aceite,,PH2846,,WO380,,,
Motor,Filtro,Filtro de aceite,,PH2850,,JFO0101,W933/1,OC59,
Motor,Filtro,Filtro de aceite,,PH2852,PSL962,WO480,W962,OC60,51820E
Motor,Filtro,Filtro de aceite,,PH2856,PSL321,WO360,W811/80,OC230,WL7081
Motor,Filtro,Filtro de aceite,,PH2857A,,WO250,W917,,
Motor,Filtro,Filtro de aceite,,PH2859,,WO640,W918/1,,
Motor,Filtro,Filtro de aceite,,PH2862C,PSL62,,W712/12,OC317,
Motor,Filtro,Filtro de aceite,,PH2864,,,,,
Motor,Filtro,Filtro de aceite,,PH2864A,,,W712/9,OC5,
Motor,Filtro,Filtro de aceite,,PH2870A,PSL561,WO370,W719/5,OC47,WL7070
Motor,Filtro,Filtro de aceite,,PH2871,,,,OC115,
Motor,Filtro,Filtro de aceite,,PH2883,PSL339,WO610,W1170,OC35,51825E
Motor,Filtro,Filtro de aceite,,PH2883,PSL339,WO610,W1170,OC35,51825E
Motor,Filtro,Filtro de aceite,,PH2951,PSL145,JFO601,W68/80,OC215,
Motor,Filtro,Filtro de aceite,,PH2954,,JFO0W00,W811/81,OC215,
Motor,Filtro,Filtro de aceite,,PH2956,PSL47,WO420,W1126/4,OC501,
Motor,Filtro,Filtro de aceite,,PH2960,PSL174,,W11102,OC403,51800
Motor,Filtro,Filtro de aceite,,PH2966,PSL146,WO140,W712/43,OC1051,WL10166
Motor,Filtro,Filtro de aceite,,PH2981,PSL131,JFO0409,,,
Motor,Filtro,Filtro de aceite,,PH3335,PSL405,,W13145/2,OC530,
Motor,Filtro,Filtro de aceite,,PH3387A,PSL62,JFO0398,W712/22,OC405/3,WL7129
Motor,Filtro,Filtro de aceite,,PH3506,,WO128,W936/5,OC114,51060
Motor,Filtro,Filtro de aceite,,PH3562,,WO400,W811/80,OC230,WL7081
Motor,Filtro,Filtro de aceite,,PH3567,,,,,
Motor,Filtro,Filtro de aceite,,PH3569,PSL900,WO590,W940/29,OC51,WL7245
Motor,Filtro,Filtro de aceite,,PH3569ST,,,,OC262,
Motor,Filtro,Filtro de aceite,,PH3593A,,JFO0705,W610/10,OC115,WL10489A
Motor,Filtro,Filtro de aceite,,PH3612,PSL270,WO730,W12110,OC508,51970
Motor,Filtro,Filtro de aceite,,PH3614,PSL134,JFO0215,W712/83,OC1063,WL7570
Motor,Filtro,Filtro de aceite,,PH3682,PSL133,WO110,W818/82,OC109/1,
Motor,Filtro,Filtro de aceite,,PH3757,PSL281,WO700,W1262,OC319,
Motor,Filtro,Filtro de aceite,,PH3766,,WO682,,,
Motor,Filtro,Filtro de aceite,,PH3900,PSL282,WO670,W940/34,OC333,
Motor,Filtro,Filtro de aceite,,PH3976,PSL280,WO680,W950/18,OC320,51607
Motor,Filtro,Filtro de aceite,,PH4386,TM6-3,JFO0898,W610/1,OC217/6,WL7572
Motor,Filtro,Filtro de aceite,,PH4467,,WO763,W1140,OC15,
Motor,Filtro,Filtro de aceite,,PH4469,,WO690,W1150/2,,51798
Motor,Filtro,Filtro de aceite,,PH4479,PSL793,WO430,W910/1,OC11,
Motor,Filtro,Filtro de aceite,,PH4482,PSL561,WO390,W713/4,OC501,
Motor,Filtro,Filtro de aceite,,PH4510,,,W940/37,OC486,
Motor,Filtro,Filtro de aceite,,PH4551,PSH315,WOH200,WD950/2,HC62,
Motor,Filtro,Filtro de aceite,,PH4553A,,WO260,W92032,OC232,
Motor,Filtro,Filtro de aceite,,PH4558,PSL43,WO170,W713/16,OC983,
Motor,Filtro,Filtro de aceite,,PH47,,,,,
Motor,Filtro,Filtro de aceite,,PH4701,PSL619,WO130,W712/22,OC90,WL7129
Motor,Filtro,Filtro de aceite,,PH4703,PSL135,,W914/13,OC976,
Motor,Filtro,Filtro de aceite,,PH4722,PSL619,JFO0398,W712/22,OC90,WL7129
Motor,Filtro,Filtro de aceite,,PH4847A,PSL156,WO330,WP1144,OC248,WL7160
Motor,Filtro,Filtro de aceite,,PH4854,,WO580,W950/4,OC105,WL7133
Motor,Filtro,Filtro de aceite,,PH4887,PSL321,WO500,W920/25,OC223,WL51381
Motor,Filtro,Filtro de aceite,,PH49A,PSL417,WO630,W11102/11,OC121,
Motor,Filtro,Filtro de aceite,,PH4952,,WO550,W713/15,OC237/1,57241
Motor,Filtro,Filtro de aceite,,PH4967,PSL134,JFO0F01,W68/80,OC534,51394
Motor,Filtro,Filtro de aceite,,PH4990A,,WO450,W71319,OC203,
Motor,Filtro,Filtro de aceite,,PH4997,PSL134,JFO0604,W67/81,OC215,
Motor,Filtro,Filtro de aceite,,PH4998,,JFO0301,W67/1,OC195,WL10466A
Motor,Filtro,Filtro de aceite,,PH5046,,,,,
Motor,Filtro,Filtro de aceite,,PH5103,PSL160,WO600,WP1169,OC267,WL51429
Motor,Filtro,Filtro de aceite,,PH5123,PSL128,JFO0213,WP928/80,OC275,51093E
Motor,Filtro,Filtro de aceite,,PH5124,PSL849,JFO0212,WP914/80,OC286,
Motor,Filtro,Filtro de aceite,,PH5126,,JFO0114,WP928/82,OC273,WL10658A
Motor,Filtro,Filtro de aceite,,PH5190,,JFO0895,WP920/80,OC326,
Motor,Filtro,Filtro de aceite,,PH5190,,JFO0895,WP920/80,OC326,
Motor,Filtro,Filtro de aceite,,PH5203,,JFO0906,W920/34,OC265,WL10137
Motor,Filtro,Filtro de aceite,,PH5280,,,W811/80,OC195,WL7081
Motor,Filtro,Filtro de aceite,,PH5317,PSL55,JFO0197,W610/3,OC194,WL10489A
Motor,Filtro,Filtro de aceite,,PH5443,PSL902,WO280,W934,OC261,WL10455A
Motor,Filtro,Filtro de aceite,,PH5511,PSL51,WO410,W79,OC727,WL7427
Motor,Filtro,Filtro de aceite,,PH5529,,JFO0597,W9069,OC297,
Motor,Filtro,Filtro de aceite,,PH5548,PSL560,WO340,W712/52,OC295,WL7203
Motor,Filtro,Filtro de aceite,,PH5548A,,,,OC250,
Motor,Filtro,Filtro de aceite,,PH5552,PSL564,WO541,W719/50,OC264,WL10159
Motor,Filtro,Filtro de aceite,,PH5566/2,PSL135,WO160,W7058,OC976,WL7086
Motor,Filtro,Filtro de aceite,,PH5592,,JFO0297,WP1026,OC294,
Motor,Filtro,Filtro de aceite,,PH5594A,,JFO0593,W67/1,OC195,WL10466A
Motor,Filtro,Filtro de aceite,,PH5713,PSL145,WO150,W712/43,OC1051,WL10166
Motor,Filtro,Filtro de aceite,,PH5717,,,W914/26,OC312,
Motor,Filtro,Filtro de aceite,,PH5752,,WO121,W712/16,OC272,
Motor,Filtro,Filtro de aceite,,PH5754,PSL45,WO170,W713/16,OC983,
Motor,Filtro,Filtro de aceite,,PH5796,PSL77,WO200,W75/3,OC309,WL54145
Motor,Filtro,Filtro de aceite,,PH5803,PSL144,WO180,W719/27,OC460,WL10166
Motor,Filtro,Filtro de aceite,,PH5885,PSL152,WO205,W68,OC475,WL7572
Motor,Filtro,Filtro de aceite,,PH5949,PSL55,WO120,W610/3,OC259,WL10489A
Motor,Filtro,Filtro de aceite,,PH5949,PSL55,WO120,W610/3,OC259,WL10489A
Motor,Filtro,Filtro de aceite,,PH6010A,,JFO0411,W67/10,,
Motor,Filtro,Filtro de aceite,,PH6017A,PSL638,JFO0411,W67/1,OC1566,WL10466A
Motor,Filtro,Filtro de aceite,,PH6018,,JFO0890,MW65,OC1018,
Motor,Filtro,Filtro de aceite,,PH6022,PSL637,JFO0050,,OC21,
Motor,Filtro,Filtro de aceite,,PH6063,,,MW712,OC91D,
Motor,Filtro,Filtro de aceite,,PH6114,,,,OC619,
Motor,Filtro,Filtro de aceite,,PH6355,PSL327,JFO0396,WP928/81,OC274,WL7573
Motor,Filtro,Filtro de aceite,,PH6607,PSL78,JFO0704,W671,OC195,WL10466A
Motor,Filtro,Filtro de aceite,,PH6607,PSL78,JFO0704,W67/1,OC195,WL10466A
Motor,Filtro,Filtro de aceite,,PH6811,PSL131,JFO0406,W81180,,WL7081
Motor,Filtro,Filtro de aceite,,PH7136,PSL301,WO650,W1168/5,OC303,WL51747
Motor,Filtro,Filtro de aceite,,PH7136,PSL301,WO650,W1168/5,OC303,WL51747
Motor,Filtro,Filtro de aceite,,PH7138,,,W13150,,51799
Motor,Filtro,Filtro de aceite,,PH7317,PSL55,JFO0410,W610/3,OC1177,WL10489A
Motor,Filtro,Filtro de aceite,,PH7405,,WO783,W12102,,51971
Motor,Filtro,Filtro de aceite,,PH8B,PSL714,WO350,W940/1,OC59,WL10455A
Motor,Filtro,Filtro de aceite,,PH8E,PSL714,,,,
Motor,Filtro,Filtro de aceite,,PH8476,PSL597,WOH212,W925,,57243
Motor,Filtro,Filtro de aceite,,PH8690,,,WP12001,,
Motor,Filtro,Filtro de aceite,,PH8798,PSH173,WO762,W9023/1,HC113,WL57159
Motor,Filtro,Filtro de aceite,,PH8842,,WO742,W11102/34,OC370,
Motor,Filtro,Filtro de aceite,,PH8933,,,,,
Motor,Filtro,Filtro de aceite,,PH8944,PSL159,WO613,W11707,OC474,92078E
Motor,Filtro,Filtro de aceite,,PH8944,PSL159,WO613,W1170/7,OC474,92078E
Motor,Filtro,Filtro de aceite,,PH8994,,WO344,W930/21,OC485,
Motor,Filtro,Filtro de aceite,,PH9,PSL171,WO460,W920/7,OC83,WL7135
Motor,Filtro,Filtro de aceite,,PH9453,PSL159,WO612,W950/26,OC502,92095E
Motor,Filtro,Filtro de aceite,,PH9453,PSL159,WO612,W950/26,OC502,92095E
Motor,Filtro,Filtro de aceite,,PH9503,PSL340,WO540,W1323,OC404,WL7414
Motor,Filtro,Filtro de aceite,,PH9503,PSL340,WO540,W1323,OC404,WL7414
Motor,Filtro,Filtro de aceite,,PH9566,PSL164,WO152,W712/73,OC1063,WL7572
Motor,Filtro,Filtro de aceite,,PH9637,,,,OC486,
Motor,Filtro,Filtro de aceite,,PH9648,,,W75/5,OC728,
Motor,Filtro,Filtro de aceite,,PH9688,,,W671,OC1673,WL10466A
Motor,Filtro,Filtro de aceite,,PH9748,PSL836,,W1140/11,OC335,
Motor,Filtro,Filtro de aceite,,PH9763,,,W71282,OC535,WL7433
Motor,Filtro,Filtro de aceite,,PH977,PSL675,WO440,W950/7,OC308,51459E
Motor,Filtro,Filtro de aceite,,PH977,PSL675,WO440,W950/7,OC308,51459E
Motor,Filtro,Filtro de Combustible,,PR3909,PSA331,WA200,WA923,WFC20,24071
Motor,Filtro,Filtro de Combustible,,PS10037,PSD4801,FCD2239,WK1060/4,KC608,WF10288
Motor,Filtro,Filtro de Combustible,,PS10042,,,WK853/21,KL567,WF8408
Motor,Filtro,Filtro de Combustible,,PS10061,PSC493,FCD2099,WK950/19,KC214,33827
Motor,Filtro,Filtro de Combustible,,PS10061,PSC493,FCD2099,WK950/19,KC214,33827
Motor,Filtro,Filtro de Combustible,,PS10148,,FCD2163,WK842/23,KL228/2D,
Motor,Filtro,Filtro de Combustible,,PS10288,,FCD0940,WK12001,KL581,
Motor,Filtro,Filtro de Combustible,,PS10398,,FCD0913,WK9028Z,KL633D,
Motor,Filtro,Filtro de Combustible,,PS10486,,FCD2037,WK6003,KL596,
Motor,Filtro,Filtro de Combustible,,PS10610,PSD480/1,FCD2214,WK10608,,
Motor,Filtro,Filtro de Combustible,,PS10667,,,WK824/3,KC101/1,WF10596
Motor,Filtro,Filtro de Combustible,,PS10713,PSD960/1,FCD2230,WK940/1X,KC118,WF10592
Motor,Filtro,Filtro de Combustible,,PS10872,PSD260,FCD2206,WK9051,,33775
Motor,Filtro,Filtro de Combustible,,PS10884,,,WK8162,,WF10104
Motor,Filtro,Filtro de Combustible,,PS10964,,,,,
Motor,Filtro,Filtro de Combustible,,PS10979,,,,,
Motor,Filtro,Filtro de Combustible,,PS11117,,,WK950/14,KC120,WF36315
Motor,Filtro,Filtro de Combustible,,PS11160,PSD261,FCD30122,WK11001X,KC498D,WF10011
Motor,Filtro,Filtro de Combustible,,PS11185,,,,,
Motor,Filtro,Filtro de Combustible,,PS11221,,,,,
Motor,Filtro,Filtro de Combustible,,PS12053,,FCD0922,WK10034Z,,WF8580
Motor,Filtro,Filtro de Combustible,,PS12127,PSD980/1,,WK10002,,WF10259
Motor,Filtro,Filtro de Combustible,,PS12225,PSD985/6,,WK10002/2X,,
Motor,Filtro,Filtro de Combustible,,PS12226,PSD981/6,,WK10002/1X,,
Motor,Filtro,Filtro de Combustible,,PS12358,,FCD2184,WK820/19,KL947,WF8514
Motor,Filtro,Filtro de Combustible,,PS12673,,,,,
Motor,Filtro,Filtro de Combustible,,PS3712,PSC172,,WK950/16,KC192,
Motor,Filtro,Filtro de Combustible,,PS4886,PSC998,JFC901,WK940/11X,KC46,WF10675A
Motor,Filtro,Filtro de Combustible,,PS4922,PSC999,JFC215,WK828X,KC83D,WF10558A
Motor,Filtro,Filtro de Combustible,,PS5896,,FCD2068,WK853/3X,KL147D,WF8046
Motor,Filtro,Filtro de Combustible,,PS5896,,FCD2068,WK853/3X,KL147D,WF8046
Motor,Filtro,Filtro de Combustible,,PS5960,,FCD2097,WK850/2,KC109,
Motor,Filtro,Filtro de Combustible,,PS5989,PSC494,FCD2057,WK950/6,KC186,WF33327
Motor,Filtro,Filtro de Combustible,,PS6643,,,WK940/24,,WF10286
Motor,Filtro,Filtro de Combustible,,PS6829,PSD980,FCD2052,WK947/2,,
Motor,Filtro,Filtro de Combustible,,PS6829,PSD980,FCD2052,WK947/2,,
Motor,Filtro,Filtro de Combustible,,PS6830,,,,,
Motor,Filtro,Filtro de Combustible,,PS6831,,,,,
Motor,Filtro,Filtro de Combustible,,PS7171,PSD4601,FCD2043,WK1156/1,,
Motor,Filtro,Filtro de Combustible,,PS7407A,PSC880,,WK8100,,
Motor,Filtro,Filtro de Combustible,,PS7408A,PSC877,FCD0188,WK8102,KC381,
Motor,Filtro,Filtro de Combustible,,PS7569A,,,,,
Motor,Filtro,Filtro de Combustible,,PS7714,,,,,
Motor,Filtro,Filtro de Combustible,,PS8047,,,WK10012X,,33407
Motor,Filtro,Filtro de Combustible,,PS8185,PSD530/1,,WK933X,,33211
Motor,Filtro,Filtro de Combustible,,PS8187,PSD460/1,FCD3061,WK1040,KC635,WF10285
Motor,Filtro,Filtro de Combustible,,PS8239,,,WK8114,,WF10095
Motor,Filtro,Filtro de Combustible,,PS8322,,,WK8109,KC227,WF10087
Motor,Filtro,Filtro de Combustible,,PS8450,,,WK1175X,KC697D,
Motor,Filtro,Filtro de Combustible,,PS8784,,JFC295,WK720/2X,KC100D,WF10728A
Motor,Filtro,Filtro de Combustible,,PS8787,PSC499,FCD2157,WK842,KC129/1,WF33472
Motor,Filtro,Filtro de Combustible,,PS8950,,FCD2183,WK823,KL103,WF8380
Motor,Filtro,Filtro de Combustible,,PS9025,PSD470,FCD3090,WK1060/1,KC249D,WF10306
Motor,Filtro,Filtro de Combustible,,PS9026,PSD480/1,FCD3090/1,WK1060,KC607,WF10305
Motor,Filtro,Filtro de Combustible,,PS9027,PSD480,FCD30120,WK1060,KC607,WF10305
Motor,Filtro,Filtro de Combustible,,PS9028,PSD490/1,FCD3090/3F,WK1156,KC648/1,WF10263
Motor,Filtro,Filtro de Combustible,,PS9029,PSD450/1,FCD3045,WK1030,KC635,
Motor,Filtro,Filtro de Combustible,,PS9039,,FCD0184,WK8105,KC116,WF10084
Motor,Filtro,Filtro de Combustible,,PS9050,,,,,
Motor,Filtro,Filtro de Combustible,,PS9127,,FCD0191,WK8128,KC227,WF10127
Motor,Filtro,Filtro de Combustible,,PS9420WST,,,WK842/8,KC140,
Motor,Filtro,Filtro de Combustible,,PS9451,,FCD2063/1,WK829/3,KL446,WF8268
Motor,Filtro,Filtro de Combustible,,PS9476,,FCD2067/2,WK853/11,KL476D,WF8264
Motor,Filtro,Filtro de Combustible,,PS9514,PSC882,FCD2158,WK842/18,KL174,WF8274
Motor,Filtro,Filtro de Combustible,,PS9537,,,,KL414,
Motor,Filtro,Filtro de Combustible,,PS9553WST,PSC452,FCD2096,WK854/2,KC140,95039E
Motor,Filtro,Filtro de Combustible,,PS9624A,PSD490/1,,WK1060/2,,WF36326
Motor,Filtro,Filtro de Combustible,,U100,,,U620/2Y,AL12,
Motor,Filtro,Filtro de Combustible,,U102,,,U630X,AL12,